index,name,tendon,limb_group,source_file,side,side_source,crossed_limbs,crossed_joints,bodies,sites,agrees_with_geometry,note,group_key
0,addbrev_r,addbrev_r_tendon,lower,Muscle_Leg_r.xml,R,name,lower,hip_flexion_r|hip_adduction_r|hip_rotation_r,pelvis|femur_r,addbrev_r-P1|addbrev_r-P2,True,,R/lower
1,addlong_r,addlong_r_tendon,lower,Muscle_Leg_r.xml,R,name,lower,hip_flexion_r|hip_adduction_r|hip_rotation_r,pelvis|femur_r,addlong_r-P1|addlong_r-P2,True,,R/lower
2,addmagDist_r,addmagDist_r_tendon,lower,Muscle_Leg_r.xml,R,name,lower,hip_flexion_r|hip_adduction_r|hip_rotation_r,pelvis|femur_r,addmagDist_r-P1|addmagDist_r-P2,True,,R/lower
3,addmagIsch_r,addmagIsch_r_tendon,lower,Muscle_Leg_r.xml,R,name,lower,hip_flexion_r|hip_adduction_r|hip_rotation_r,pelvis|femur_r,addmagIsch_r-P1|addmagIsch_r-P2,True,,R/lower
4,addmagMid_r,addmagMid_r_tendon,lower,Muscle_Leg_r.xml,R,name,lower,hip_flexion_r|hip_adduction_r|hip_rotation_r,pelvis|femur_r,addmagMid_r-P1|addmagMid_r-P2,True,,R/lower
5,addmagProx_r,addmagProx_r_tendon,lower,Muscle_Leg_r.xml,R,name,lower,hip_flexion_r|hip_adduction_r|hip_rotation_r,pelvis|femur_r,addmagProx_r-P1|addmagProx_r-P2,True,,R/lower
6,bflh_r,bflh_r_tendon,lower,Muscle_Leg_r.xml,R,name,lower,hip_flexion_r|hip_adduction_r|hip_rotation_r|knee_angle_r_translation3|knee_angle_r_translation2|knee_angle_r_translation1|knee_angle_r|knee_angle_r_rotation2|knee_angle_r_rotation3,pelvis|tibia_r,bflh_r-P1|bflh_r-P2|bflh_r-P3,True,,R/lower
7,bfsh_r,bfsh_r_tendon,lower,Muscle_Leg_r.xml,R,name,lower,knee_angle_r_translation3|knee_angle_r_translation2|knee_angle_r_translation1|knee_angle_r|knee_angle_r_rotation2|knee_angle_r_rotation3,femur_r|tibia_r,bfsh_r-P1|bfsh_r-P2,True,,R/lower
8,edl_r,edl_r_tendon,lower,Muscle_Leg_r.xml,R,name,lower,ankle_angle_r|subtalar_angle_r|mtp_angle_r,tibia_r|calcn_r|toes_r,edl_r-P1|edl_r-P2|edl_r-P3|edl_r-P4|edl_r-P5|edl_r-P6,True,,R/lower
9,ehl_r,ehl_r_tendon,lower,Muscle_Leg_r.xml,R,name,lower,ankle_angle_r|subtalar_angle_r|mtp_angle_r,tibia_r|calcn_r|toes_r,ehl_r-P1|ehl_r-P2|ehl_r-P3|ehl_r-P4|ehl_r-P5|ehl_r-P6|ehl_r-P7|ehl_r-P8,True,,R/lower
10,fdl_r,fdl_r_tendon,lower,Muscle_Leg_r.xml,R,name,lower,ankle_angle_r|subtalar_angle_r|mtp_angle_r,tibia_r|calcn_r|toes_r,fdl_r-P1|fdl_r-P2|fdl_r-P3|fdl_r-P4|fdl_r-P5|fdl_r-P6|fdl_r-P7|fdl_r-P8,True,,R/lower
11,fhl_r,fhl_r_tendon,lower,Muscle_Leg_r.xml,R,name,lower,ankle_angle_r|subtalar_angle_r|mtp_angle_r,tibia_r|calcn_r|toes_r,fhl_r-P1|fhl_r-P2|fhl_r-P3|fhl_r-P4|fhl_r-P5|fhl_r-P6|fhl_r-P7,True,,R/lower
12,gaslat_r,gaslat_r_tendon,lower,Muscle_Leg_r.xml,R,name,lower,knee_angle_r_translation3|knee_angle_r_translation2|knee_angle_r_translation1|knee_angle_r|knee_angle_r_rotation2|knee_angle_r_rotation3|ankle_angle_r|subtalar_angle_r,femur_r|calcn_r,gaslat_r-P1|gaslat_r-P2,True,,R/lower
13,gasmed_r,gasmed_r_tendon,lower,Muscle_Leg_r.xml,R,name,lower,knee_angle_r_translation3|knee_angle_r_translation2|knee_angle_r_translation1|knee_angle_r|knee_angle_r_rotation2|knee_angle_r_rotation3|ankle_angle_r|subtalar_angle_r,femur_r|calcn_r,gasmed_r-P1|gasmed_r-P2,True,,R/lower
14,glmax1_r,glmax1_r_tendon,lower,Muscle_Leg_r.xml,R,name,lower,hip_flexion_r|hip_adduction_r|hip_rotation_r,pelvis|femur_r,glmax1_r-P1|glmax1_r-P2|glmax1_r-P3|glmax1_r-P4,True,,R/lower
15,glmax2_r,glmax2_r_tendon,lower,Muscle_Leg_r.xml,R,name,lower,hip_flexion_r|hip_adduction_r|hip_rotation_r,pelvis|femur_r,glmax2_r-P1|glmax2_r-P2|glmax2_r-P3|glmax2_r-P4,True,,R/lower
16,glmax3_r,glmax3_r_tendon,lower,Muscle_Leg_r.xml,R,name,lower,hip_flexion_r|hip_adduction_r|hip_rotation_r,pelvis|femur_r,glmax3_r-P1|glmax3_r-P2|glmax3_r-P3|glmax3_r-P4,True,,R/lower
17,glmed1_r,glmed1_r_tendon,lower,Muscle_Leg_r.xml,R,name,lower,hip_flexion_r|hip_adduction_r|hip_rotation_r,pelvis|femur_r,glmed1_r-P1|glmed1_r-P2,True,,R/lower
18,glmed2_r,glmed2_r_tendon,lower,Muscle_Leg_r.xml,R,name,lower,hip_flexion_r|hip_adduction_r|hip_rotation_r,pelvis|femur_r,glmed2_r-P1|glmed2_r-P2,True,,R/lower
19,glmed3_r,glmed3_r_tendon,lower,Muscle_Leg_r.xml,R,name,lower,hip_flexion_r|hip_adduction_r|hip_rotation_r,pelvis|femur_r,glmed3_r-P1|glmed3_r-P2,True,,R/lower
20,glmin1_r,glmin1_r_tendon,lower,Muscle_Leg_r.xml,R,name,lower,hip_flexion_r|hip_adduction_r|hip_rotation_r,pelvis|femur_r,glmin1_r-P1|glmin1_r-P2,True,,R/lower
21,glmin2_r,glmin2_r_tendon,lower,Muscle_Leg_r.xml,R,name,lower,hip_flexion_r|hip_adduction_r|hip_rotation_r,pelvis|femur_r,glmin2_r-P1|glmin2_r-P2,True,,R/lower
22,glmin3_r,glmin3_r_tendon,lower,Muscle_Leg_r.xml,R,name,lower,hip_flexion_r|hip_adduction_r|hip_rotation_r,pelvis|femur_r,glmin3_r-P1|glmin3_r-P2,True,,R/lower
23,grac_r,grac_r_tendon,lower,Muscle_Leg_r.xml,R,name,lower,hip_flexion_r|hip_adduction_r|hip_rotation_r|knee_angle_r_translation3|knee_angle_r_translation2|knee_angle_r_translation1|knee_angle_r|knee_angle_r_rotation2|knee_angle_r_rotation3,pelvis|tibia_r,grac_r-P1|grac_r-P2|grac_r-P3,True,,R/lower
24,iliacus_r,iliacus_r_tendon,lower,Muscle_Leg_r.xml,R,name,lower,hip_flexion_r|hip_adduction_r|hip_rotation_r,pelvis|femur_r,iliacus_r-P1|iliacus_r-P2|iliacus_r-P3|iliacus_r-P4,True,,R/lower
25,perbrev_r,perbrev_r_tendon,lower,Muscle_Leg_r.xml,R,name,lower,ankle_angle_r|subtalar_angle_r,tibia_r|calcn_r,perbrev_r-P1|perbrev_r-P2|perbrev_r-P3|perbrev_r-P4|perbrev_r-P5,True,,R/lower
26,perlong_r,perlong_r_tendon,lower,Muscle_Leg_r.xml,R,name,lower,ankle_angle_r|subtalar_angle_r,tibia_r|calcn_r,perlong_r-P1|perlong_r-P2|perlong_r-P3|perlong_r-P4|perlong_r-P5|perlong_r-P6|perlong_r-P7,True,,R/lower
27,piri_r,piri_r_tendon,lower,Muscle_Leg_r.xml,R,name,lower,hip_flexion_r|hip_adduction_r|hip_rotation_r,pelvis|femur_r,piri_r-P1|piri_r-P2|piri_r-P3,True,,R/lower
28,recfem_r,recfem_r_tendon,lower,Muscle_Leg_r.xml,R,name,lower,hip_flexion_r|hip_adduction_r|hip_rotation_r|knee_angle_r_translation3|knee_angle_r_translation2|knee_angle_r_translation1|knee_angle_r|knee_angle_r_rotation2|knee_angle_r_rotation3|knee_angle_r_beta_translation2|knee_angle_r_beta_translation1|knee_angle_r_beta_rotation1,pelvis|femur_r|tibia_r|patella_r,recfem_r-P1|recfem_r-P2|recfem_r-P3|recfem_r-P4|recfem_r-P5,True,,R/lower
29,sart_r,sart_r_tendon,lower,Muscle_Leg_r.xml,R,name,lower,hip_flexion_r|hip_adduction_r|hip_rotation_r|knee_angle_r_translation3|knee_angle_r_translation2|knee_angle_r_translation1|knee_angle_r|knee_angle_r_rotation2|knee_angle_r_rotation3,pelvis|femur_r|tibia_r,sart_r-P1|sart_r-P2|sart_r-P3|sart_r-P4|sart_r-P5,True,,R/lower
30,semimem_r,semimem_r_tendon,lower,Muscle_Leg_r.xml,R,name,lower,hip_flexion_r|hip_adduction_r|hip_rotation_r|knee_angle_r_translation3|knee_angle_r_translation2|knee_angle_r_translation1|knee_angle_r|knee_angle_r_rotation2|knee_angle_r_rotation3,pelvis|tibia_r,semimem_r-P1|semimem_r-P2,True,,R/lower
31,semiten_r,semiten_r_tendon,lower,Muscle_Leg_r.xml,R,name,lower,hip_flexion_r|hip_adduction_r|hip_rotation_r|knee_angle_r_translation3|knee_angle_r_translation2|knee_angle_r_translation1|knee_angle_r|knee_angle_r_rotation2|knee_angle_r_rotation3,pelvis|tibia_r,semiten_r-P1|semiten_r-P2|semiten_r-P3,True,,R/lower
32,soleus_r,soleus_r_tendon,lower,Muscle_Leg_r.xml,R,name,lower,ankle_angle_r|subtalar_angle_r,tibia_r|calcn_r,soleus_r-P1|soleus_r-P2,True,,R/lower
33,tfl_r,tfl_r_tendon,lower,Muscle_Leg_r.xml,R,name,lower,hip_flexion_r|hip_adduction_r|hip_rotation_r|knee_angle_r_translation3|knee_angle_r_translation2|knee_angle_r_translation1|knee_angle_r|knee_angle_r_rotation2|knee_angle_r_rotation3,pelvis|femur_r|tibia_r,tfl_r-P1|tfl_r-P2|tfl_r-P3|tfl_r-P4,True,,R/lower
34,tibant_r,tibant_r_tendon,lower,Muscle_Leg_r.xml,R,name,lower,ankle_angle_r|subtalar_angle_r,tibia_r|calcn_r,tibant_r-P1|tibant_r-P2|tibant_r-P3|tibant_r-P4,True,,R/lower
35,tibpost_r,tibpost_r_tendon,lower,Muscle_Leg_r.xml,R,name,lower,ankle_angle_r|subtalar_angle_r,tibia_r|calcn_r,tibpost_r-P1|tibpost_r-P2|tibpost_r-P3|tibpost_r-P4,True,,R/lower
36,vasint_r,vasint_r_tendon,lower,Muscle_Leg_r.xml,R,name,lower,knee_angle_r_translation3|knee_angle_r_translation2|knee_angle_r_translation1|knee_angle_r|knee_angle_r_rotation2|knee_angle_r_rotation3|knee_angle_r_beta_translation2|knee_angle_r_beta_translation1|knee_angle_r_beta_rotation1,femur_r|tibia_r|patella_r,vasint_r-P1|vasint_r-P2|vasint_r-P3|vasint_r-P4|vasint_r-P5,True,,R/lower
37,vaslat_r,vaslat_r_tendon,lower,Muscle_Leg_r.xml,R,name,lower,knee_angle_r_translation3|knee_angle_r_translation2|knee_angle_r_translation1|knee_angle_r|knee_angle_r_rotation2|knee_angle_r_rotation3|knee_angle_r_beta_translation2|knee_angle_r_beta_translation1|knee_angle_r_beta_rotation1,femur_r|tibia_r|patella_r,vaslat_r-P1|vaslat_r-P2|vaslat_r-P3|vaslat_r-P4|vaslat_r-P5,True,,R/lower
38,vasmed_r,vasmed_r_tendon,lower,Muscle_Leg_r.xml,R,name,lower,knee_angle_r_translation3|knee_angle_r_translation2|knee_angle_r_translation1|knee_angle_r|knee_angle_r_rotation2|knee_angle_r_rotation3|knee_angle_r_beta_translation2|knee_angle_r_beta_translation1|knee_angle_r_beta_rotation1,femur_r|tibia_r|patella_r,vasmed_r-P1|vasmed_r-P2|vasmed_r-P3|vasmed_r-P4|vasmed_r-P5,True,,R/lower
39,Ps_L1_VB_r,Ps_L1_VB_r_tendon,lower,Muscle_Leg_r.xml,R,name,lower|torso,hip_flexion_r|hip_adduction_r|hip_rotation_r|L5_S1_FE|L5_S1_LB|L5_S1_AR,pelvis|femur_r|lumbar1,Ps_L1_VB_r-P1|Ps_L1_VB_r-P2|psoas_r-P3|psoas_r-P4,True,额外跨越 ['torso'],R/lower
40,Ps_L1_TP_r,Ps_L1_TP_r_tendon,lower,Muscle_Leg_r.xml,R,name,lower|torso,hip_flexion_r|hip_adduction_r|hip_rotation_r|L5_S1_FE|L5_S1_LB|L5_S1_AR,pelvis|femur_r|lumbar1,Ps_L1_TP_r-P1|Ps_L1_TP_r-P2|psoas_r-P3|psoas_r-P4,True,额外跨越 ['torso'],R/lower
41,Ps_L1_L2_IVD_r,Ps_L1_L2_IVD_r_tendon,lower,Muscle_Leg_r.xml,R,name,lower|torso,hip_flexion_r|hip_adduction_r|hip_rotation_r|L5_S1_FE|L5_S1_LB|L5_S1_AR,pelvis|femur_r|lumbar1,Ps_L1_L2_IVD_r-P1|Ps_L1_L2_IVD_r-P2|psoas_r-P3|psoas_r-P4,True,额外跨越 ['torso'],R/lower
42,Ps_L2_TP_r,Ps_L2_TP_r_tendon,lower,Muscle_Leg_r.xml,R,name,lower|torso,hip_flexion_r|hip_adduction_r|hip_rotation_r|L5_S1_FE|L5_S1_LB|L5_S1_AR,pelvis|femur_r|lumbar2,Ps_L2_TP_r-P1|Ps_L2_TP_r-P2|psoas_r-P3|psoas_r-P4,True,额外跨越 ['torso'],R/lower
43,Ps_L2_L3_IVD_r,Ps_L2_L3_IVD_r_tendon,lower,Muscle_Leg_r.xml,R,name,lower|torso,hip_flexion_r|hip_adduction_r|hip_rotation_r|L5_S1_FE|L5_S1_LB|L5_S1_AR,pelvis|femur_r|lumbar2,Ps_L2_L3_IVD_r-P1|Ps_L2_L3_IVD_r-P2|psoas_r-P3|psoas_r-P4,True,额外跨越 ['torso'],R/lower
44,Ps_L3_TP_r,Ps_L3_TP_r_tendon,lower,Muscle_Leg_r.xml,R,name,lower|torso,hip_flexion_r|hip_adduction_r|hip_rotation_r|L5_S1_FE|L5_S1_LB|L5_S1_AR,pelvis|femur_r|lumbar3,Ps_L3_TP_r-P1|Ps_L3_TP_r-P2|psoas_r-P3|psoas_r-P4,True,额外跨越 ['torso'],R/lower
45,Ps_L3_L4_IVD_r,Ps_L3_L4_IVD_r_tendon,lower,Muscle_Leg_r.xml,R,name,lower|torso,hip_flexion_r|hip_adduction_r|hip_rotation_r|L5_S1_FE|L5_S1_LB|L5_S1_AR,pelvis|femur_r|lumbar3,Ps_L3_L4_IVD_r-P1|Ps_L3_L4_IVD_r-P2|psoas_r-P3|psoas_r-P4,True,额外跨越 ['torso'],R/lower
46,Ps_L4_TP_r,Ps_L4_TP_r_tendon,lower,Muscle_Leg_r.xml,R,name,lower|torso,hip_flexion_r|hip_adduction_r|hip_rotation_r|L5_S1_FE|L5_S1_LB|L5_S1_AR,pelvis|femur_r|lumbar4,Ps_L4_TP_r-P1|Ps_L4_TP_r-P2|psoas_r-P3|psoas_r-P4,True,额外跨越 ['torso'],R/lower
47,Ps_L4_L5_IVD_r,Ps_L4_L5_IVD_r_tendon,lower,Muscle_Leg_r.xml,R,name,lower|torso,hip_flexion_r|hip_adduction_r|hip_rotation_r|L5_S1_FE|L5_S1_LB|L5_S1_AR,pelvis|femur_r|lumbar4,Ps_L4_L5_IVD_r-P1|Ps_L4_L5_IVD_r-P2|psoas_r-P3|psoas_r-P4,True,额外跨越 ['torso'],R/lower
48,Ps_L5_TP_r,Ps_L5_TP_r_tendon,lower,Muscle_Leg_r.xml,R,name,lower|torso,hip_flexion_r|hip_adduction_r|hip_rotation_r|L5_S1_FE|L5_S1_LB|L5_S1_AR,pelvis|femur_r|lumbar5,Ps_L5_TP_r-P1|Ps_L5_TP_r-P2|psoas_r-P3|psoas_r-P4,True,额外跨越 ['torso'],R/lower
49,Ps_L5_VB_r,Ps_L5_VB_r_tendon,lower,Muscle_Leg_r.xml,R,name,lower|torso,hip_flexion_r|hip_adduction_r|hip_rotation_r|L5_S1_FE|L5_S1_LB|L5_S1_AR,pelvis|femur_r|lumbar5,Ps_L5_VB_r-P1|Ps_L5_VB_r-P2|psoas_r-P3|psoas_r-P4,True,额外跨越 ['torso'],R/lower
50,addbrev_l,addbrev_l_tendon,lower,Muscle_Leg_l.xml,L,name,lower,hip_flexion_l|hip_adduction_l|hip_rotation_l,pelvis|femur_l,addbrev_l-P1|addbrev_l-P2,True,,L/lower
51,addlong_l,addlong_l_tendon,lower,Muscle_Leg_l.xml,L,name,lower,hip_flexion_l|hip_adduction_l|hip_rotation_l,pelvis|femur_l,addlong_l-P1|addlong_l-P2,True,,L/lower
52,addmagDist_l,addmagDist_l_tendon,lower,Muscle_Leg_l.xml,L,name,lower,hip_flexion_l|hip_adduction_l|hip_rotation_l,pelvis|femur_l,addmagDist_l-P1|addmagDist_l-P2,True,,L/lower
53,addmagIsch_l,addmagIsch_l_tendon,lower,Muscle_Leg_l.xml,L,name,lower,hip_flexion_l|hip_adduction_l|hip_rotation_l,pelvis|femur_l,addmagIsch_l-P1|addmagIsch_l-P2,True,,L/lower
54,addmagMid_l,addmagMid_l_tendon,lower,Muscle_Leg_l.xml,L,name,lower,hip_flexion_l|hip_adduction_l|hip_rotation_l,pelvis|femur_l,addmagMid_l-P1|addmagMid_l-P2,True,,L/lower
55,addmagProx_l,addmagProx_l_tendon,lower,Muscle_Leg_l.xml,L,name,lower,hip_flexion_l|hip_adduction_l|hip_rotation_l,pelvis|femur_l,addmagProx_l-P1|addmagProx_l-P2,True,,L/lower
56,bflh_l,bflh_l_tendon,lower,Muscle_Leg_l.xml,L,name,lower,hip_flexion_l|hip_adduction_l|hip_rotation_l|knee_angle_l_translation3|knee_angle_l_translation2|knee_angle_l_translation1|knee_angle_l|knee_angle_l_rotation2|knee_angle_l_rotation3,pelvis|tibia_l,bflh_l-P1|bflh_l-P2|bflh_l-P3,True,,L/lower
57,bfsh_l,bfsh_l_tendon,lower,Muscle_Leg_l.xml,L,name,lower,knee_angle_l_translation3|knee_angle_l_translation2|knee_angle_l_translation1|knee_angle_l|knee_angle_l_rotation2|knee_angle_l_rotation3,femur_l|tibia_l,bfsh_l-P1|bfsh_l-P2,True,,L/lower
58,edl_l,edl_l_tendon,lower,Muscle_Leg_l.xml,L,name,lower,ankle_angle_l|subtalar_angle_l|mtp_angle_l,tibia_l|calcn_l|toes_l,edl_l-P1|edl_l-P2|edl_l-P3|edl_l-P4|edl_l-P5|edl_l-P6,True,,L/lower
59,ehl_l,ehl_l_tendon,lower,Muscle_Leg_l.xml,L,name,lower,ankle_angle_l|subtalar_angle_l|mtp_angle_l,tibia_l|calcn_l|toes_l,ehl_l-P1|ehl_l-P2|ehl_l-P3|ehl_l-P4|ehl_l-P5|ehl_l-P6|ehl_l-P7|ehl_l-P8,True,,L/lower
60,fdl_l,fdl_l_tendon,lower,Muscle_Leg_l.xml,L,name,lower,ankle_angle_l|subtalar_angle_l|mtp_angle_l,tibia_l|calcn_l|toes_l,fdl_l-P1|fdl_l-P2|fdl_l-P3|fdl_l-P4|fdl_l-P5|fdl_l-P6|fdl_l-P7|fdl_l-P8,True,,L/lower
61,fhl_l,fhl_l_tendon,lower,Muscle_Leg_l.xml,L,name,lower,ankle_angle_l|subtalar_angle_l|mtp_angle_l,tibia_l|calcn_l|toes_l,fhl_l-P1|fhl_l-P2|fhl_l-P3|fhl_l-P4|fhl_l-P5|fhl_l-P6|fhl_l-P7,True,,L/lower
62,gaslat_l,gaslat_l_tendon,lower,Muscle_Leg_l.xml,L,name,lower,knee_angle_l_translation3|knee_angle_l_translation2|knee_angle_l_translation1|knee_angle_l|knee_angle_l_rotation2|knee_angle_l_rotation3|ankle_angle_l|subtalar_angle_l,femur_l|calcn_l,gaslat_l-P1|gaslat_l-P2,True,,L/lower
63,gasmed_l,gasmed_l_tendon,lower,Muscle_Leg_l.xml,L,name,lower,knee_angle_l_translation3|knee_angle_l_translation2|knee_angle_l_translation1|knee_angle_l|knee_angle_l_rotation2|knee_angle_l_rotation3|ankle_angle_l|subtalar_angle_l,femur_l|calcn_l,gasmed_l-P1|gasmed_l-P2,True,,L/lower
64,glmax1_l,glmax1_l_tendon,lower,Muscle_Leg_l.xml,L,name,lower,hip_flexion_l|hip_adduction_l|hip_rotation_l,pelvis|femur_l,glmax1_l-P1|glmax1_l-P2|glmax1_l-P3|glmax1_l-P4,True,,L/lower
65,glmax2_l,glmax2_l_tendon,lower,Muscle_Leg_l.xml,L,name,lower,hip_flexion_l|hip_adduction_l|hip_rotation_l,pelvis|femur_l,glmax2_l-P1|glmax2_l-P2|glmax2_l-P3|glmax2_l-P4,True,,L/lower
66,glmax3_l,glmax3_l_tendon,lower,Muscle_Leg_l.xml,L,name,lower,hip_flexion_l|hip_adduction_l|hip_rotation_l,pelvis|femur_l,glmax3_l-P1|glmax3_l-P2|glmax3_l-P3|glmax3_l-P4,True,,L/lower
67,glmed1_l,glmed1_l_tendon,lower,Muscle_Leg_l.xml,L,name,lower,hip_flexion_l|hip_adduction_l|hip_rotation_l,pelvis|femur_l,glmed1_l-P1|glmed1_l-P2,True,,L/lower
68,glmed2_l,glmed2_l_tendon,lower,Muscle_Leg_l.xml,L,name,lower,hip_flexion_l|hip_adduction_l|hip_rotation_l,pelvis|femur_l,glmed2_l-P1|glmed2_l-P2,True,,L/lower
69,glmed3_l,glmed3_l_tendon,lower,Muscle_Leg_l.xml,L,name,lower,hip_flexion_l|hip_adduction_l|hip_rotation_l,pelvis|femur_l,glmed3_l-P1|glmed3_l-P2,True,,L/lower
70,glmin1_l,glmin1_l_tendon,lower,Muscle_Leg_l.xml,L,name,lower,hip_flexion_l|hip_adduction_l|hip_rotation_l,pelvis|femur_l,glmin1_l-P1|glmin1_l-P2,True,,L/lower
71,glmin2_l,glmin2_l_tendon,lower,Muscle_Leg_l.xml,L,name,lower,hip_flexion_l|hip_adduction_l|hip_rotation_l,pelvis|femur_l,glmin2_l-P1|glmin2_l-P2,True,,L/lower
72,glmin3_l,glmin3_l_tendon,lower,Muscle_Leg_l.xml,L,name,lower,hip_flexion_l|hip_adduction_l|hip_rotation_l,pelvis|femur_l,glmin3_l-P1|glmin3_l-P2,True,,L/lower
73,grac_l,grac_l_tendon,lower,Muscle_Leg_l.xml,L,name,lower,hip_flexion_l|hip_adduction_l|hip_rotation_l|knee_angle_l_translation3|knee_angle_l_translation2|knee_angle_l_translation1|knee_angle_l|knee_angle_l_rotation2|knee_angle_l_rotation3,pelvis|tibia_l,grac_l-P1|grac_l-P2|grac_l-P3,True,,L/lower
74,iliacus_l,iliacus_l_tendon,lower,Muscle_Leg_l.xml,L,name,lower,hip_flexion_l|hip_adduction_l|hip_rotation_l,pelvis|femur_l,iliacus_l-P1|iliacus_l-P2|iliacus_l-P3|iliacus_l-P4,True,,L/lower
75,perbrev_l,perbrev_l_tendon,lower,Muscle_Leg_l.xml,L,name,lower,ankle_angle_l|subtalar_angle_l,tibia_l|calcn_l,perbrev_l-P1|perbrev_l-P2|perbrev_l-P3|perbrev_l-P4|perbrev_l-P5,True,,L/lower
76,perlong_l,perlong_l_tendon,lower,Muscle_Leg_l.xml,L,name,lower,ankle_angle_l|subtalar_angle_l,tibia_l|calcn_l,perlong_l-P1|perlong_l-P2|perlong_l-P3|perlong_l-P4|perlong_l-P5|perlong_l-P6|perlong_l-P7,True,,L/lower
77,piri_l,piri_l_tendon,lower,Muscle_Leg_l.xml,L,name,lower,hip_flexion_l|hip_adduction_l|hip_rotation_l,pelvis|femur_l,piri_l-P1|piri_l-P2|piri_l-P3,True,,L/lower
78,recfem_l,recfem_l_tendon,lower,Muscle_Leg_l.xml,L,name,lower,hip_flexion_l|hip_adduction_l|hip_rotation_l|knee_angle_l_translation3|knee_angle_l_translation2|knee_angle_l_translation1|knee_angle_l|knee_angle_l_rotation2|knee_angle_l_rotation3|knee_angle_l_beta_translation2|knee_angle_l_beta_translation1|knee_angle_l_beta_rotation1,pelvis|femur_l|tibia_l|patella_l,recfem_l-P1|recfem_l-P2|recfem_l-P3|recfem_l-P4|recfem_l-P5,True,,L/lower
79,sart_l,sart_l_tendon,lower,Muscle_Leg_l.xml,L,name,lower,hip_flexion_l|hip_adduction_l|hip_rotation_l|knee_angle_l_translation3|knee_angle_l_translation2|knee_angle_l_translation1|knee_angle_l|knee_angle_l_rotation2|knee_angle_l_rotation3,pelvis|femur_l|tibia_l,sart_l-P1|sart_l-P2|sart_l-P3|sart_l-P4|sart_l-P5,True,,L/lower
80,semimem_l,semimem_l_tendon,lower,Muscle_Leg_l.xml,L,name,lower,hip_flexion_l|hip_adduction_l|hip_rotation_l|knee_angle_l_translation3|knee_angle_l_translation2|knee_angle_l_translation1|knee_angle_l|knee_angle_l_rotation2|knee_angle_l_rotation3,pelvis|tibia_l,semimem_l-P1|semimem_l-P2,True,,L/lower
81,semiten_l,semiten_l_tendon,lower,Muscle_Leg_l.xml,L,name,lower,hip_flexion_l|hip_adduction_l|hip_rotation_l|knee_angle_l_translation3|knee_angle_l_translation2|knee_angle_l_translation1|knee_angle_l|knee_angle_l_rotation2|knee_angle_l_rotation3,pelvis|tibia_l,semiten_l-P1|semiten_l-P2|semiten_l-P3,True,,L/lower
82,soleus_l,soleus_l_tendon,lower,Muscle_Leg_l.xml,L,name,lower,ankle_angle_l|subtalar_angle_l,tibia_l|calcn_l,soleus_l-P1|soleus_l-P2,True,,L/lower
83,tfl_l,tfl_l_tendon,lower,Muscle_Leg_l.xml,L,name,lower,hip_flexion_l|hip_adduction_l|hip_rotation_l|knee_angle_l_translation3|knee_angle_l_translation2|knee_angle_l_translation1|knee_angle_l|knee_angle_l_rotation2|knee_angle_l_rotation3,pelvis|femur_l|tibia_l,tfl_l-P1|tfl_l-P2|tfl_l-P3|tfl_l-P4,True,,L/lower
84,tibant_l,tibant_l_tendon,lower,Muscle_Leg_l.xml,L,name,lower,ankle_angle_l|subtalar_angle_l,tibia_l|calcn_l,tibant_l-P1|tibant_l-P2|tibant_l-P3|tibant_l-P4,True,,L/lower
85,tibpost_l,tibpost_l_tendon,lower,Muscle_Leg_l.xml,L,name,lower,ankle_angle_l|subtalar_angle_l,tibia_l|calcn_l,tibpost_l-P1|tibpost_l-P2|tibpost_l-P3|tibpost_l-P4,True,,L/lower
86,vasint_l,vasint_l_tendon,lower,Muscle_Leg_l.xml,L,name,lower,knee_angle_l_translation3|knee_angle_l_translation2|knee_angle_l_translation1|knee_angle_l|knee_angle_l_rotation2|knee_angle_l_rotation3|knee_angle_l_beta_translation2|knee_angle_l_beta_translation1|knee_angle_l_beta_rotation1,femur_l|tibia_l|patella_l,vasint_l-P1|vasint_l-P2|vasint_l-P3|vasint_l-P4|vasint_l-P5,True,,L/lower
87,vaslat_l,vaslat_l_tendon,lower,Muscle_Leg_l.xml,L,name,lower,knee_angle_l_translation3|knee_angle_l_translation2|knee_angle_l_translation1|knee_angle_l|knee_angle_l_rotation2|knee_angle_l_rotation3|knee_angle_l_beta_translation2|knee_angle_l_beta_translation1|knee_angle_l_beta_rotation1,femur_l|tibia_l|patella_l,vaslat_l-P1|vaslat_l-P2|vaslat_l-P3|vaslat_l-P4|vaslat_l-P5,True,,L/lower
88,vasmed_l,vasmed_l_tendon,lower,Muscle_Leg_l.xml,L,name,lower,knee_angle_l_translation3|knee_angle_l_translation2|knee_angle_l_translation1|knee_angle_l|knee_angle_l_rotation2|knee_angle_l_rotation3|knee_angle_l_beta_translation2|knee_angle_l_beta_translation1|knee_angle_l_beta_rotation1,femur_l|tibia_l|patella_l,vasmed_l-P1|vasmed_l-P2|vasmed_l-P3|vasmed_l-P4|vasmed_l-P5,True,,L/lower
89,Ps_L1_VB_l,Ps_L1_VB_l_tendon,lower,Muscle_Leg_l.xml,L,name,lower|torso,hip_flexion_l|hip_adduction_l|hip_rotation_l|L5_S1_FE|L5_S1_LB|L5_S1_AR,pelvis|femur_l|lumbar1,Ps_L1_VB_l-P1|Ps_L1_VB_l-P2|psoas_l-P3|psoas_l-P4,True,额外跨越 ['torso'],L/lower
90,Ps_L1_TP_l,Ps_L1_TP_l_tendon,lower,Muscle_Leg_l.xml,L,name,lower|torso,hip_flexion_l|hip_adduction_l|hip_rotation_l|L5_S1_FE|L5_S1_LB|L5_S1_AR,pelvis|femur_l|lumbar1,Ps_L1_TP_l-P1|Ps_L1_TP_l-P2|psoas_l-P3|psoas_l-P4,True,额外跨越 ['torso'],L/lower
91,Ps_L1_L2_IVD_l,Ps_L1_L2_IVD_l_tendon,lower,Muscle_Leg_l.xml,L,name,lower|torso,hip_flexion_l|hip_adduction_l|hip_rotation_l|L5_S1_FE|L5_S1_LB|L5_S1_AR,pelvis|femur_l|lumbar1,Ps_L1_L2_IVD_l-P1|Ps_L1_L2_IVD_l-P2|psoas_l-P3|psoas_l-P4,True,额外跨越 ['torso'],L/lower
92,Ps_L2_TP_l,Ps_L2_TP_l_tendon,lower,Muscle_Leg_l.xml,L,name,lower|torso,hip_flexion_l|hip_adduction_l|hip_rotation_l|L5_S1_FE|L5_S1_LB|L5_S1_AR,pelvis|femur_l|lumbar2,Ps_L2_TP_l-P1|Ps_L2_TP_l-P2|psoas_l-P3|psoas_l-P4,True,额外跨越 ['torso'],L/lower
93,Ps_L2_L3_IVD_l,Ps_L2_L3_IVD_l_tendon,lower,Muscle_Leg_l.xml,L,name,lower|torso,hip_flexion_l|hip_adduction_l|hip_rotation_l|L5_S1_FE|L5_S1_LB|L5_S1_AR,pelvis|femur_l|lumbar2,Ps_L2_L3_IVD_l-P1|Ps_L2_L3_IVD_l-P2|psoas_l-P3|psoas_l-P4,True,额外跨越 ['torso'],L/lower
94,Ps_L3_TP_l,Ps_L3_TP_l_tendon,lower,Muscle_Leg_l.xml,L,name,lower|torso,hip_flexion_l|hip_adduction_l|hip_rotation_l|L5_S1_FE|L5_S1_LB|L5_S1_AR,pelvis|femur_l|lumbar3,Ps_L3_TP_l-P1|Ps_L3_TP_l-P2|psoas_l-P3|psoas_l-P4,True,额外跨越 ['torso'],L/lower
95,Ps_L3_L4_IVD_l,Ps_L3_L4_IVD_l_tendon,lower,Muscle_Leg_l.xml,L,name,lower|torso,hip_flexion_l|hip_adduction_l|hip_rotation_l|L5_S1_FE|L5_S1_LB|L5_S1_AR,pelvis|femur_l|lumbar3,Ps_L3_L4_IVD_l-P1|Ps_L3_L4_IVD_l-P2|psoas_l-P3|psoas_l-P4,True,额外跨越 ['torso'],L/lower
96,Ps_L4_TP_l,Ps_L4_TP_l_tendon,lower,Muscle_Leg_l.xml,L,name,lower|torso,hip_flexion_l|hip_adduction_l|hip_rotation_l|L5_S1_FE|L5_S1_LB|L5_S1_AR,pelvis|femur_l|lumbar4,Ps_L4_TP_l-P1|Ps_L4_TP_l-P2|psoas_l-P3|psoas_l-P4,True,额外跨越 ['torso'],L/lower
97,Ps_L4_L5_IVD_l,Ps_L4_L5_IVD_l_tendon,lower,Muscle_Leg_l.xml,L,name,lower|torso,hip_flexion_l|hip_adduction_l|hip_rotation_l|L5_S1_FE|L5_S1_LB|L5_S1_AR,pelvis|femur_l|lumbar4,Ps_L4_L5_IVD_l-P1|Ps_L4_L5_IVD_l-P2|psoas_l-P3|psoas_l-P4,True,额外跨越 ['torso'],L/lower
98,Ps_L5_TP_l,Ps_L5_TP_l_tendon,lower,Muscle_Leg_l.xml,L,name,lower|torso,hip_flexion_l|hip_adduction_l|hip_rotation_l|L5_S1_FE|L5_S1_LB|L5_S1_AR,pelvis|femur_l|lumbar5,Ps_L5_TP_l-P1|Ps_L5_TP_l-P2|psoas_l-P3|psoas_l-P4,True,额外跨越 ['torso'],L/lower
99,Ps_L5_VB_l,Ps_L5_VB_l_tendon,lower,Muscle_Leg_l.xml,L,name,lower|torso,hip_flexion_l|hip_adduction_l|hip_rotation_l|L5_S1_FE|L5_S1_LB|L5_S1_AR,pelvis|femur_l|lumbar5,Ps_L5_VB_l-P1|Ps_L5_VB_l-P2|psoas_l-P3|psoas_l-P4,True,额外跨越 ['torso'],L/lower
100,LD_L1_r,LD_L1_r_tendon,upper,Muscle_Arm_r.xml,R,name,upper|torso,T12_L1_FE|T12_L1_LB|T12_L1_AR|sternoclavicular_r2_r|sternoclavicular_r3_r|unrotscap_r3_r|unrotscap_r2_r|acromioclavicular_r2_r|acromioclavicular_r3_r|acromioclavicular_r1_r|unrothum_r1_r|unrothum_r3_r|unrothum_r2_r|elv_angle_r|shoulder_elv_r|shoulder1_r2_r|shoulder_rot_r,lumbar1|humerus_r|rib5_R|rib6_R|rib7_R|rib8_R|rib9_R|rib10_R|rib11_R|rib12_R,LD_L1_r-P1|LD_L1_r-P2|LD_L1_r-P3|LD_L1_r-P4|LD_L1_r-P5|LD_L1_r-P6|LD_L1_r-P7|LD_L1_r-P8|LD_L1_r-P9|LD_L1_r-P10,True,额外跨越 ['torso'],R/upper
101,LD_L2_r,LD_L2_r_tendon,upper,Muscle_Arm_r.xml,R,name,upper|torso,T12_L1_FE|T12_L1_LB|T12_L1_AR|sternoclavicular_r2_r|sternoclavicular_r3_r|unrotscap_r3_r|unrotscap_r2_r|acromioclavicular_r2_r|acromioclavicular_r3_r|acromioclavicular_r1_r|unrothum_r1_r|unrothum_r3_r|unrothum_r2_r|elv_angle_r|shoulder_elv_r|shoulder1_r2_r|shoulder_rot_r,lumbar2|humerus_r|rib5_R|rib6_R|rib7_R|rib8_R|rib9_R|rib10_R|rib11_R|rib12_R,LD_L2_r-P1|LD_L2_r-P2|LD_L2_r-P3|LD_L2_r-P4|LD_L2_r-P5|LD_L2_r-P6|LD_L2_r-P7|LD_L2_r-P8|LD_L2_r-P9|LD_L2_r-P10,True,额外跨越 ['torso'],R/upper
102,LD_L3_r,LD_L3_r_tendon,upper,Muscle_Arm_r.xml,R,name,upper|torso,T12_L1_FE|T12_L1_LB|T12_L1_AR|sternoclavicular_r2_r|sternoclavicular_r3_r|unrotscap_r3_r|unrotscap_r2_r|acromioclavicular_r2_r|acromioclavicular_r3_r|acromioclavicular_r1_r|unrothum_r1_r|unrothum_r3_r|unrothum_r2_r|elv_angle_r|shoulder_elv_r|shoulder1_r2_r|shoulder_rot_r,lumbar3|humerus_r|rib5_R|rib6_R|rib7_R|rib8_R|rib9_R|rib10_R|rib11_R|rib12_R,LD_L3_r-P1|LD_L3_r-P2|LD_L3_r-P3|LD_L3_r-P4|LD_L3_r-P5|LD_L3_r-P6|LD_L3_r-P7|LD_L3_r-P8|LD_L3_r-P9|LD_L3_r-P10,True,额外跨越 ['torso'],R/upper
103,LD_L4_r,LD_L4_r_tendon,upper,Muscle_Arm_r.xml,R,name,upper|torso,T12_L1_FE|T12_L1_LB|T12_L1_AR|sternoclavicular_r2_r|sternoclavicular_r3_r|unrotscap_r3_r|unrotscap_r2_r|acromioclavicular_r2_r|acromioclavicular_r3_r|acromioclavicular_r1_r|unrothum_r1_r|unrothum_r3_r|unrothum_r2_r|elv_angle_r|shoulder_elv_r|shoulder1_r2_r|shoulder_rot_r,lumbar4|humerus_r|rib5_R|rib6_R|rib7_R|rib8_R|rib9_R|rib10_R|rib11_R|rib12_R,LD_L4_r-P1|LD_L4_r-P2|LD_L4_r-P3|LD_L4_r-P4|LD_L4_r-P5|LD_L4_r-P6|LD_L4_r-P7|LD_L4_r-P8|LD_L4_r-P9|LD_L4_r-P10,True,额外跨越 ['torso'],R/upper
104,LD_L5_r,LD_L5_r_tendon,upper,Muscle_Arm_r.xml,R,name,upper|torso,T12_L1_FE|T12_L1_LB|T12_L1_AR|sternoclavicular_r2_r|sternoclavicular_r3_r|unrotscap_r3_r|unrotscap_r2_r|acromioclavicular_r2_r|acromioclavicular_r3_r|acromioclavicular_r1_r|unrothum_r1_r|unrothum_r3_r|unrothum_r2_r|elv_angle_r|shoulder_elv_r|shoulder1_r2_r|shoulder_rot_r,lumbar5|humerus_r|rib5_R|rib6_R|rib7_R|rib8_R|rib9_R|rib10_R|rib11_R|rib12_R,LD_L5_r-P1|LD_L5_r-P2|LD_L5_r-P3|LD_L5_r-P4|LD_L5_r-P5|LD_L5_r-P6|LD_L5_r-P7|LD_L5_r-P8|LD_L5_r-P9|LD_L5_r-P10,True,额外跨越 ['torso'],R/upper
105,LD_T12_r,LD_T12_r_tendon,upper,Muscle_Arm_r.xml,R,name,upper,sternoclavicular_r2_r|sternoclavicular_r3_r|unrotscap_r3_r|unrotscap_r2_r|acromioclavicular_r2_r|acromioclavicular_r3_r|acromioclavicular_r1_r|unrothum_r1_r|unrothum_r3_r|unrothum_r2_r|elv_angle_r|shoulder_elv_r|shoulder1_r2_r|shoulder_rot_r,thoracic12|humerus_r|rib6_R|rib7_R|rib8_R|rib9_R|rib10_R|rib11_R|rib12_R,LD_T12_r-P1|LD_T12_r-P2|LD_T12_r-P3|LD_T12_r-P4|LD_T12_r-P5|LD_T12_r-P6|LD_T12_r-P7|LD_T12_r-P8|LD_T12_r-P9,True,,R/upper
106,LD_T11_r,LD_T11_r_tendon,upper,Muscle_Arm_r.xml,R,name,upper,sternoclavicular_r2_r|sternoclavicular_r3_r|unrotscap_r3_r|unrotscap_r2_r|acromioclavicular_r2_r|acromioclavicular_r3_r|acromioclavicular_r1_r|unrothum_r1_r|unrothum_r3_r|unrothum_r2_r|elv_angle_r|shoulder_elv_r|shoulder1_r2_r|shoulder_rot_r,thoracic11|humerus_r|rib6_R|rib7_R|rib8_R|rib9_R|rib10_R|rib11_R,LD_T11_r-P1|LD_T11_r-P2|LD_T11_r-P3|LD_T11_r-P4|LD_T11_r-P5|LD_T11_r-P6|LD_T11_r-P7|LD_T11_r-P8,True,,R/upper
107,LD_T10_r,LD_T10_r_tendon,upper,Muscle_Arm_r.xml,R,name,upper,sternoclavicular_r2_r|sternoclavicular_r3_r|unrotscap_r3_r|unrotscap_r2_r|acromioclavicular_r2_r|acromioclavicular_r3_r|acromioclavicular_r1_r|unrothum_r1_r|unrothum_r3_r|unrothum_r2_r|elv_angle_r|shoulder_elv_r|shoulder1_r2_r|shoulder_rot_r,thoracic10|humerus_r|rib6_R|rib7_R|rib8_R|rib9_R|rib10_R,LD_T10_r-P1|LD_T10_r-P2|LD_T10_r-P3|LD_T10_r-P4|LD_T10_r-P5|LD_T10_r-P6|LD_T10_r-P7,True,,R/upper
108,LD_T9_r,LD_T9_r_tendon,upper,Muscle_Arm_r.xml,R,name,upper,sternoclavicular_r2_r|sternoclavicular_r3_r|unrotscap_r3_r|unrotscap_r2_r|acromioclavicular_r2_r|acromioclavicular_r3_r|acromioclavicular_r1_r|unrothum_r1_r|unrothum_r3_r|unrothum_r2_r|elv_angle_r|shoulder_elv_r|shoulder1_r2_r|shoulder_rot_r,thoracic9|humerus_r|rib6_R|rib7_R|rib8_R,LD_T9_r-P1|LD_T9_r-P2|LD_T9_r-P3|LD_T9_r-P4|LD_T9_r-P5,True,,R/upper
109,LD_T8_r,LD_T8_r_tendon,upper,Muscle_Arm_r.xml,R,name,upper,sternoclavicular_r2_r|sternoclavicular_r3_r|unrotscap_r3_r|unrotscap_r2_r|acromioclavicular_r2_r|acromioclavicular_r3_r|acromioclavicular_r1_r|unrothum_r1_r|unrothum_r3_r|unrothum_r2_r|elv_angle_r|shoulder_elv_r|shoulder1_r2_r|shoulder_rot_r,thoracic8|humerus_r|rib6_R|rib7_R|rib8_R,LD_T8_r-P1|LD_T8_r-P2|LD_T8_r-P3|LD_T8_r-P4|LD_T8_r-P5,True,,R/upper
110,LD_T7_r,LD_T7_r_tendon,upper,Muscle_Arm_r.xml,R,name,upper,sternoclavicular_r2_r|sternoclavicular_r3_r|unrotscap_r3_r|unrotscap_r2_r|acromioclavicular_r2_r|acromioclavicular_r3_r|acromioclavicular_r1_r|unrothum_r1_r|unrothum_r3_r|unrothum_r2_r|elv_angle_r|shoulder_elv_r|shoulder1_r2_r|shoulder_rot_r,thoracic7|humerus_r|rib6_R|rib7_R,LD_T7_r-P1|LD_T7_r-P2|LD_T7_r-P3|LD_T7_r-P4,True,,R/upper
111,LD_R12_r,LD_R12_r_tendon,upper,Muscle_Arm_r.xml,R,name,upper,sternoclavicular_r2_r|sternoclavicular_r3_r|unrotscap_r3_r|unrotscap_r2_r|acromioclavicular_r2_r|acromioclavicular_r3_r|acromioclavicular_r1_r|unrothum_r1_r|unrothum_r3_r|unrothum_r2_r|elv_angle_r|shoulder_elv_r|shoulder1_r2_r|shoulder_rot_r,humerus_r|rib5_R|rib6_R|rib7_R|rib8_R|rib9_R|rib10_R|rib11_R|rib12_R,LD_R12_r-P1|LD_R12_r-P2|LD_R12_r-P3|LD_R12_r-P4|LD_R12_r-P5|LD_R12_r-P6|LD_R12_r-P7|LD_R12_r-P8|LD_R12_r-P9,True,,R/upper
112,LD_R11_r,LD_R11_r_tendon,upper,Muscle_Arm_r.xml,R,name,upper,sternoclavicular_r2_r|sternoclavicular_r3_r|unrotscap_r3_r|unrotscap_r2_r|acromioclavicular_r2_r|acromioclavicular_r3_r|acromioclavicular_r1_r|unrothum_r1_r|unrothum_r3_r|unrothum_r2_r|elv_angle_r|shoulder_elv_r|shoulder1_r2_r|shoulder_rot_r,humerus_r|rib5_R|rib6_R|rib7_R|rib8_R|rib9_R|rib10_R|rib11_R,LD_R11_r-P1|LD_R11_r-P2|LD_R11_r-P3|LD_R11_r-P4|LD_R11_r-P5|LD_R11_r-P6|LD_R11_r-P7|LD_R11_r-P8,True,,R/upper
113,LD_IL_r,LD_IL_r_tendon,upper,Muscle_Arm_r.xml,R,name,upper|torso,L5_S1_FE|L5_S1_LB|L5_S1_AR|T12_L1_FE|T12_L1_LB|T12_L1_AR|sternoclavicular_r2_r|sternoclavicular_r3_r|unrotscap_r3_r|unrotscap_r2_r|acromioclavicular_r2_r|acromioclavicular_r3_r|acromioclavicular_r1_r|unrothum_r1_r|unrothum_r3_r|unrothum_r2_r|elv_angle_r|shoulder_elv_r|shoulder1_r2_r|shoulder_rot_r,pelvis|humerus_r|rib5_R|rib6_R|rib7_R|rib8_R|rib9_R|rib10_R|rib11_R,LD_IL_r-P1|LD_IL_r-P2|LD_IL_r-P3|LD_IL_r-P4|LD_IL_r-P5|LD_IL_r-P6|LD_IL_r-P7|LD_IL_r-P8|LD_IL_r-P9,True,额外跨越 ['torso'],R/upper
114,DELT1_r,DELT1_r_tendon,upper,Muscle_Arm_r.xml,R,name,upper,unrotscap_r3_r|unrotscap_r2_r|acromioclavicular_r2_r|acromioclavicular_r3_r|acromioclavicular_r1_r|unrothum_r1_r|unrothum_r3_r|unrothum_r2_r|elv_angle_r|shoulder_elv_r|shoulder1_r2_r|shoulder_rot_r,clavicle_r|scapula_r|humerus_r,DELT1_r-P1|DELT1_r-P2|DELT1_r-P3|DELT1_r-P4,True,,R/upper
115,DELT2_r,DELT2_r_tendon,upper,Muscle_Arm_r.xml,R,name,upper,unrothum_r1_r|unrothum_r3_r|unrothum_r2_r|elv_angle_r|shoulder_elv_r|shoulder1_r2_r|shoulder_rot_r,scapula_r|humerus_r,DELT2_r-P1|DELT2_r-P2|DELT2_r-P3|DELT2_r-P4,True,,R/upper
116,DELT3_r,DELT3_r_tendon,upper,Muscle_Arm_r.xml,R,name,upper,unrothum_r1_r|unrothum_r3_r|unrothum_r2_r|elv_angle_r|shoulder_elv_r|shoulder1_r2_r|shoulder_rot_r,scapula_r|humerus_r,DELT3_r-P1|DELT3_r-P2|DELT3_r-P3,True,,R/upper
117,SUPSP_r,SUPSP_r_tendon,upper,Muscle_Arm_r.xml,R,name,upper,unrothum_r1_r|unrothum_r3_r|unrothum_r2_r|elv_angle_r|shoulder_elv_r|shoulder1_r2_r|shoulder_rot_r,scapula_r|humerus_r,SUPSP_r-P1|SUPSP_r-P2|SUPSP_r-P3,True,,R/upper
118,INFSP_r,INFSP_r_tendon,upper,Muscle_Arm_r.xml,R,name,upper,unrothum_r1_r|unrothum_r3_r|unrothum_r2_r|elv_angle_r|shoulder_elv_r|shoulder1_r2_r|shoulder_rot_r,scapula_r|humerus_r,INFSP_r-P1|INFSP_r-P2,True,,R/upper
119,SUBSC_r,SUBSC_r_tendon,upper,Muscle_Arm_r.xml,R,name,upper,unrothum_r1_r|unrothum_r3_r|unrothum_r2_r|elv_angle_r|shoulder_elv_r|shoulder1_r2_r|shoulder_rot_r,scapula_r|humerus_r,SUBSC_r-P1|SUBSC_r-P2|SUBSC_r-P3,True,,R/upper
120,TMIN_r,TMIN_r_tendon,upper,Muscle_Arm_r.xml,R,name,upper,unrothum_r1_r|unrothum_r3_r|unrothum_r2_r|elv_angle_r|shoulder_elv_r|shoulder1_r2_r|shoulder_rot_r,scapula_r|humerus_r,TMIN_r-P1|TMIN_r-P2|TMIN_r-P3,True,,R/upper
121,TMAJ_r,TMAJ_r_tendon,upper,Muscle_Arm_r.xml,R,name,upper,unrothum_r1_r|unrothum_r3_r|unrothum_r2_r|elv_angle_r|shoulder_elv_r|shoulder1_r2_r|shoulder_rot_r,scapula_r|humerus_r,TMAJ_r-P1|TMAJ_r-P2|TMAJ_r-P3|TMAJ_r-P4|TMAJ_r-P5,True,,R/upper
122,PECM1_r,PECM1_r_tendon,upper,Muscle_Arm_r.xml,R,name,upper,unrotscap_r3_r|unrotscap_r2_r|acromioclavicular_r2_r|acromioclavicular_r3_r|acromioclavicular_r1_r|unrothum_r1_r|unrothum_r3_r|unrothum_r2_r|elv_angle_r|shoulder_elv_r|shoulder1_r2_r|shoulder_rot_r,clavicle_r|humerus_r,PECM1_r-P1|PECM1_r-P2|PECM1_r-P3|PECM1_r-P4,True,,R/upper
123,PECM2_r,PECM2_r_tendon,upper,Muscle_Arm_r.xml,R,name,upper,sternoclavicular_r2_r|sternoclavicular_r3_r|unrotscap_r3_r|unrotscap_r2_r|acromioclavicular_r2_r|acromioclavicular_r3_r|acromioclavicular_r1_r|unrothum_r1_r|unrothum_r3_r|unrothum_r2_r|elv_angle_r|shoulder_elv_r|shoulder1_r2_r|shoulder_rot_r,sternum|humerus_r,PECM2_r-P1|PECM2_r-P2|PECM2_r-P3|PECM2_r-P4|PECM2_r-P5,True,,R/upper
124,PECM3_r,PECM3_r_tendon,upper,Muscle_Arm_r.xml,R,name,upper,sternoclavicular_r2_r|sternoclavicular_r3_r|unrotscap_r3_r|unrotscap_r2_r|acromioclavicular_r2_r|acromioclavicular_r3_r|acromioclavicular_r1_r|unrothum_r1_r|unrothum_r3_r|unrothum_r2_r|elv_angle_r|shoulder_elv_r|shoulder1_r2_r|shoulder_rot_r,sternum|humerus_r,PECM3_r-P1|PECM3_r-P2|PECM3_r-P3|PECM3_r-P4|PECM3_r-P5,True,,R/upper
125,CORB_r,CORB_r_tendon,upper,Muscle_Arm_r.xml,R,name,upper,unrothum_r1_r|unrothum_r3_r|unrothum_r2_r|elv_angle_r|shoulder_elv_r|shoulder1_r2_r|shoulder_rot_r,scapula_r|humerus_r,CORB_r-P1|CORB_r-P2|CORB_r-P3,True,,R/upper
126,TRIlong_r,TRIlong_r_tendon,upper,Muscle_Arm_r.xml,R,name,upper,unrothum_r1_r|unrothum_r3_r|unrothum_r2_r|elv_angle_r|shoulder_elv_r|shoulder1_r2_r|shoulder_rot_r|elbow_flexion_r,scapula_r|humerus_r|ulna_r,TRIlong_r-P1|TRIlong_r-P2|TRIlong_r-P3|TRIlong_r-P4|TRIlong_r-P5,True,,R/upper
127,TRIlat_r,TRIlat_r_tendon,upper,Muscle_Arm_r.xml,R,name,upper,elbow_flexion_r,humerus_r|ulna_r,TRIlat_r-P1|TRIlat_r-P2|TRIlat_r-P3|TRIlat_r-P4|TRIlat_r-P5,True,,R/upper
128,TRImed_r,TRImed_r_tendon,upper,Muscle_Arm_r.xml,R,name,upper,elbow_flexion_r,humerus_r|ulna_r,TRImed_r-P1|TRImed_r-P2|TRImed_r-P3|TRImed_r-P4|TRImed_r-P5,True,,R/upper
129,ANC_r,ANC_r_tendon,upper,Muscle_Arm_r.xml,R,name,upper,elbow_flexion_r,humerus_r|ulna_r,ANC_r-P1|ANC_r-P2,True,,R/upper
130,SUP_r,SUP_r_tendon,upper,Muscle_Arm_r.xml,R,name,upper,pro_sup_r,ulna_r|radius_r,SUP_r-P1|SUP_r-P2|SUP_r-P3,True,,R/upper
131,BIClong_r,BIClong_r_tendon,upper,Muscle_Arm_r.xml,R,name,upper,unrothum_r1_r|unrothum_r3_r|unrothum_r2_r|elv_angle_r|shoulder_elv_r|shoulder1_r2_r|shoulder_rot_r|elbow_flexion_r|pro_sup_r,scapula_r|humerus_r|radius_r,BIClong_r-P1|BIClong_r-P2|BIClong_r-P3|BIClong_r-P4|BIClong_r-P5|BIClong_r-P6|BIClong_r-P7|BIClong_r-P8|BIClong_r-P9|BIClong_r-P10,True,,R/upper
132,BICshort_r,BICshort_r_tendon,upper,Muscle_Arm_r.xml,R,name,upper,unrothum_r1_r|unrothum_r3_r|unrothum_r2_r|elv_angle_r|shoulder_elv_r|shoulder1_r2_r|shoulder_rot_r|elbow_flexion_r|pro_sup_r,scapula_r|humerus_r|radius_r,BICshort_r-P1|BICshort_r-P2|BICshort_r-P3|BICshort_r-P4|BICshort_r-P5|BICshort_r-P6|BICshort_r-P7,True,,R/upper
133,BRA_r,BRA_r_tendon,upper,Muscle_Arm_r.xml,R,name,upper,elbow_flexion_r,humerus_r|ulna_r,BRA_r-P1|BRA_r-P2|BRA_r-P3|BRA_r-P4,True,,R/upper
134,BRD_r,BRD_r_tendon,upper,Muscle_Arm_r.xml,R,name,upper,elbow_flexion_r|pro_sup_r,humerus_r|radius_r,BRD_r-P1|BRD_r-P2|BRD_r-P3,True,,R/upper
135,ECRL_r,ECRL_r_tendon,upper,Muscle_Arm_r.xml,R,name,upper,elbow_flexion_r|pro_sup_r|deviation_r|flexion_r|wrist_hand_r1_r|wrist_hand_r3_r,humerus_r|radius_r|proximal_row_r|hand_r,ECRL_r-P1|ECRL_r-P2|ECRL_r-P3|ECRL_r-P4,True,,R/upper
136,ECRB_r,ECRB_r_tendon,upper,Muscle_Arm_r.xml,R,name,upper,elbow_flexion_r|pro_sup_r|deviation_r|flexion_r|wrist_hand_r1_r|wrist_hand_r3_r,humerus_r|radius_r|proximal_row_r|hand_r,ECRB_r-P1|ECRB_r-P2|ECRB_r-P3|ECRB_r-P4,True,,R/upper
137,ECU_r,ECU_r_tendon,upper,Muscle_Arm_r.xml,R,name,upper,elbow_flexion_r|pro_sup_r|deviation_r|flexion_r|wrist_hand_r1_r|wrist_hand_r3_r,humerus_r|ulna_r|radius_r|hand_r,ECU_r-P1|ECU_r-P2|ECU_r-P3|ECU_r-P4|ECU_r-P5|ECU_r-P6,True,,R/upper
138,FCR_r,FCR_r_tendon,upper,Muscle_Arm_r.xml,R,name,upper,elbow_flexion_r|pro_sup_r|deviation_r|flexion_r|wrist_hand_r1_r|wrist_hand_r3_r,humerus_r|radius_r|proximal_row_r|hand_r,FCR_r-P1|FCR_r-P2|FCR_r-P3,True,,R/upper
139,FCU_r,FCU_r_tendon,upper,Muscle_Arm_r.xml,R,name,upper,elbow_flexion_r|pro_sup_r|deviation_r|flexion_r|wrist_hand_r1_r|wrist_hand_r3_r,humerus_r|radius_r|hand_r,FCU_r-P1|FCU_r-P2|FCU_r-P3|FCU_r-P4,True,,R/upper
140,PL_r,PL_r_tendon,upper,Muscle_Arm_r.xml,R,name,upper,elbow_flexion_r|pro_sup_r|deviation_r|flexion_r|wrist_hand_r1_r|wrist_hand_r3_r,humerus_r|radius_r|hand_r,PL_r-P1|PL_r-P2|PL_r-P3|PL_r-P4,True,,R/upper
141,PT_r,PT_r_tendon,upper,Muscle_Arm_r.xml,R,name,upper,elbow_flexion_r|pro_sup_r,humerus_r|ulna_r|radius_r,PT_r-P1|PT_r-P2|PT_r-P3|PT_r-P4|PT_r-P5,True,,R/upper
142,PQ_r,PQ_r_tendon,upper,Muscle_Arm_r.xml,R,name,upper,pro_sup_r,ulna_r|radius_r,PQ_r-P1|PQ_r-P2,True,,R/upper
143,FDSL_r,FDSL_r_tendon,upper,Muscle_Arm_r.xml,R,name,upper,elbow_flexion_r|pro_sup_r|deviation_r|flexion_r|wrist_hand_r1_r|wrist_hand_r3_r,humerus_r|radius_r|proximal_row_r|hand_r,FDSL_r-P1|FDSL_r-P2|FDSL_r-P3|FDSL_r-P4|FDSL_r-P5|FDSL_r-P6|FDSL_r-P7|FDSL_r-P8,True,,R/upper
144,FDSR_r,FDSR_r_tendon,upper,Muscle_Arm_r.xml,R,name,upper,elbow_flexion_r|pro_sup_r|deviation_r|flexion_r|wrist_hand_r1_r|wrist_hand_r3_r,humerus_r|radius_r|proximal_row_r|hand_r,FDSR_r-P1|FDSR_r-P2|FDSR_r-P3|FDSR_r-P4|FDSR_r-P5|FDSR_r-P6|FDSR_r-P7|FDSR_r-P8,True,,R/upper
145,FDSM_r,FDSM_r_tendon,upper,Muscle_Arm_r.xml,R,name,upper,pro_sup_r|deviation_r|flexion_r|wrist_hand_r1_r|wrist_hand_r3_r,ulna_r|radius_r|proximal_row_r|hand_r,FDSM_r-P1|FDSM_r-P2|FDSM_r-P3|FDSM_r-P4|FDSM_r-P5|FDSM_r-P6|FDSM_r-P7|FDSM_r-P8|FDSM_r-P9,True,,R/upper
146,FDSI_r,FDSI_r_tendon,upper,Muscle_Arm_r.xml,R,name,upper,pro_sup_r|deviation_r|flexion_r|wrist_hand_r1_r|wrist_hand_r3_r,ulna_r|radius_r|proximal_row_r|hand_r,FDSI_r-P1|FDSI_r-P2|FDSI_r-P3|FDSI_r-P4|FDSI_r-P5|FDSI_r-P6|FDSI_r-P7|FDSI_r-P8|FDSI_r-P9,True,,R/upper
147,FDPL_r,FDPL_r_tendon,upper,Muscle_Arm_r.xml,R,name,upper,pro_sup_r|deviation_r|flexion_r|wrist_hand_r1_r|wrist_hand_r3_r,ulna_r|radius_r|proximal_row_r|hand_r,FDPL_r-P1|FDPL_r-P2|FDPL_r-P3|FDPL_r-P4|FDPL_r-P5|FDPL_r-P6|FDPL_r-P7|FDPL_r-P8|FDPL_r-P9,True,,R/upper
148,FDPR_r,FDPR_r_tendon,upper,Muscle_Arm_r.xml,R,name,upper,pro_sup_r|deviation_r|flexion_r|wrist_hand_r1_r|wrist_hand_r3_r,ulna_r|radius_r|proximal_row_r|hand_r,FDPR_r-P1|FDPR_r-P2|FDPR_r-P3|FDPR_r-P4|FDPR_r-P5|FDPR_r-P6|FDPR_r-P7|FDPR_r-P8|FDPR_r-P9,True,,R/upper
149,FDPM_r,FDPM_r_tendon,upper,Muscle_Arm_r.xml,R,name,upper,pro_sup_r|deviation_r|flexion_r|wrist_hand_r1_r|wrist_hand_r3_r,ulna_r|radius_r|proximal_row_r|hand_r,FDPM_r-P1|FDPM_r-P2|FDPM_r-P3|FDPM_r-P4|FDPM_r-P5|FDPM_r-P6|FDPM_r-P7|FDPM_r-P8|FDPM_r-P9|FDPM_r-P10,True,,R/upper
150,FDPI_r,FDPI_r_tendon,upper,Muscle_Arm_r.xml,R,name,upper,pro_sup_r|deviation_r|flexion_r|wrist_hand_r1_r|wrist_hand_r3_r,ulna_r|radius_r|proximal_row_r|hand_r,FDPI_r-P1|FDPI_r-P2|FDPI_r-P3|FDPI_r-P4|FDPI_r-P5|FDPI_r-P6|FDPI_r-P7|FDPI_r-P8|FDPI_r-P9,True,,R/upper
151,EDCL_r,EDCL_r_tendon,upper,Muscle_Arm_r.xml,R,name,upper,elbow_flexion_r|pro_sup_r|deviation_r|flexion_r|wrist_hand_r1_r|wrist_hand_r3_r,humerus_r|radius_r|proximal_row_r|hand_r,EDCL_r-P1|EDCL_r-P2|EDCL_r-P3|EDCL_r-P4|EDCL_r-P5|EDCL_r-P6|EDCL_r-P7|EDCL_r-P8|EDCL_r-P9|EDCL_r-P10,True,,R/upper
152,EDCR_r,EDCR_r_tendon,upper,Muscle_Arm_r.xml,R,name,upper,elbow_flexion_r|pro_sup_r|deviation_r|flexion_r|wrist_hand_r1_r|wrist_hand_r3_r,humerus_r|radius_r|proximal_row_r|hand_r,EDCR_r-P1|EDCR_r-P2|EDCR_r-P3|EDCR_r-P4|EDCR_r-P5|EDCR_r-P6|EDCR_r-P7|EDCR_r-P8|EDCR_r-P9|EDCR_r-P10,True,,R/upper
153,EDCM_r,EDCM_r_tendon,upper,Muscle_Arm_r.xml,R,name,upper,elbow_flexion_r|pro_sup_r|deviation_r|flexion_r|wrist_hand_r1_r|wrist_hand_r3_r,humerus_r|radius_r|proximal_row_r|hand_r,EDCM_r-P1|EDCM_r-P2|EDCM_r-P3|EDCM_r-P4|EDCM_r-P5|EDCM_r-P6|EDCM_r-P7|EDCM_r-P8|EDCM_r-P9|EDCM_r-P10|EDCM_r-P11,True,,R/upper
154,EDCI_r,EDCI_r_tendon,upper,Muscle_Arm_r.xml,R,name,upper,elbow_flexion_r|pro_sup_r|deviation_r|flexion_r|wrist_hand_r1_r|wrist_hand_r3_r,humerus_r|radius_r|proximal_row_r|hand_r,EDCI_r-P1|EDCI_r-P2|EDCI_r-P3|EDCI_r-P4|EDCI_r-P5|EDCI_r-P6|EDCI_r-P7|EDCI_r-P8|EDCI_r-P9|EDCI_r-P10,True,,R/upper
155,EDM_r,EDM_r_tendon,upper,Muscle_Arm_r.xml,R,name,upper,elbow_flexion_r|pro_sup_r|deviation_r|flexion_r|wrist_hand_r1_r|wrist_hand_r3_r,humerus_r|ulna_r|radius_r|proximal_row_r|hand_r,EDM_r-P1|EDM_r-P2|EDM_r-P3|EDM_r-P4|EDM_r-P5|EDM_r-P6|EDM_r-P7|EDM_r-P8|EDM_r-P9|EDM_r-P10|EDM_r-P11,True,,R/upper
156,EIP_r,EIP_r_tendon,upper,Muscle_Arm_r.xml,R,name,upper,pro_sup_r|deviation_r|flexion_r|wrist_hand_r1_r|wrist_hand_r3_r,ulna_r|radius_r|proximal_row_r|hand_r,EIP_r-P1|EIP_r-P2|EIP_r-P3|EIP_r-P4|EIP_r-P5|EIP_r-P6|EIP_r-P7|EIP_r-P8|EIP_r-P9|EIP_r-P10,True,,R/upper
157,EPL_r,EPL_r_tendon,upper,Muscle_Arm_r.xml,R,name,upper,pro_sup_r|deviation_r|flexion_r|wrist_hand_r1_r|wrist_hand_r3_r,ulna_r|radius_r|hand_r,EPL_r-P1|EPL_r-P2|EPL_r-P3|EPL_r-P4|EPL_r-P5|EPL_r-P6|EPL_r-P7|EPL_r-P8|EPL_r-P9|EPL_r-P10|EPL_r-P11|EPL_r-P12,True,,R/upper
158,EPB_r,EPB_r_tendon,upper,Muscle_Arm_r.xml,R,name,upper,deviation_r|flexion_r|wrist_hand_r1_r|wrist_hand_r3_r,radius_r|hand_r,EPB_r-P1|EPB_r-P2|EPB_r-P3|EPB_r-P4|EPB_r-P5|EPB_r-P6|EPB_r-P7|EPB_r-P8,True,,R/upper
159,FPL_r,FPL_r_tendon,upper,Muscle_Arm_r.xml,R,name,upper,deviation_r|flexion_r|wrist_hand_r1_r|wrist_hand_r3_r,radius_r|proximal_row_r|hand_r,FPL_r-P1|FPL_r-P2|FPL_r-P3|FPL_r-P4|FPL_r-P5|FPL_r-P6|FPL_r-P7|FPL_r-P8|FPL_r-P9|FPL_r-P10|FPL_r-P11,True,,R/upper
160,APL_r,APL_r_tendon,upper,Muscle_Arm_r.xml,R,name,upper,deviation_r|flexion_r|wrist_hand_r1_r|wrist_hand_r3_r,radius_r|hand_r,APL_r-P1|APL_r-P2|APL_r-P3|APL_r-P4|APL_r-P5|APL_r-P6|APL_r-P7|APL_r-P8|APL_r-P9,True,,R/upper
161,LD_L1_l,LD_L1_l_tendon,upper,Muscle_Arm_l.xml,L,name,upper|torso,T12_L1_FE|T12_L1_LB|T12_L1_AR|sternoclavicular_r2_l|sternoclavicular_r3_l|unrotscap_r3_l|unrotscap_r2_l|acromioclavicular_r2_l|acromioclavicular_r3_l|acromioclavicular_r1_l|unrothum_r1_l|unrothum_r3_l|unrothum_r2_l|elv_angle_l|shoulder_elv_l|shoulder1_r2_l|shoulder_rot_l,lumbar1|humerus_l|rib5_L|rib6_L|rib7_L|rib8_L|rib9_L|rib10_L|rib11_L|rib12_L,LD_L1_l-P1|LD_L1_l-P2|LD_L1_l-P3|LD_L1_l-P4|LD_L1_l-P5|LD_L1_l-P6|LD_L1_l-P7|LD_L1_l-P8|LD_L1_l-P9|LD_L1_l-P10,True,额外跨越 ['torso'],L/upper
162,LD_L2_l,LD_L2_l_tendon,upper,Muscle_Arm_l.xml,L,name,upper|torso,T12_L1_FE|T12_L1_LB|T12_L1_AR|sternoclavicular_r2_l|sternoclavicular_r3_l|unrotscap_r3_l|unrotscap_r2_l|acromioclavicular_r2_l|acromioclavicular_r3_l|acromioclavicular_r1_l|unrothum_r1_l|unrothum_r3_l|unrothum_r2_l|elv_angle_l|shoulder_elv_l|shoulder1_r2_l|shoulder_rot_l,lumbar2|humerus_l|rib5_L|rib6_L|rib7_L|rib8_L|rib9_L|rib10_L|rib11_L|rib12_L,LD_L2_l-P1|LD_L2_l-P2|LD_L2_l-P3|LD_L2_l-P4|LD_L2_l-P5|LD_L2_l-P6|LD_L2_l-P7|LD_L2_l-P8|LD_L2_l-P9|LD_L2_l-P10,True,额外跨越 ['torso'],L/upper
163,LD_L3_l,LD_L3_l_tendon,upper,Muscle_Arm_l.xml,L,name,upper|torso,T12_L1_FE|T12_L1_LB|T12_L1_AR|sternoclavicular_r2_l|sternoclavicular_r3_l|unrotscap_r3_l|unrotscap_r2_l|acromioclavicular_r2_l|acromioclavicular_r3_l|acromioclavicular_r1_l|unrothum_r1_l|unrothum_r3_l|unrothum_r2_l|elv_angle_l|shoulder_elv_l|shoulder1_r2_l|shoulder_rot_l,lumbar3|humerus_l|rib5_L|rib6_L|rib7_L|rib8_L|rib9_L|rib10_L|rib11_L|rib12_L,LD_L3_l-P1|LD_L3_l-P2|LD_L3_l-P3|LD_L3_l-P4|LD_L3_l-P5|LD_L3_l-P6|LD_L3_l-P7|LD_L3_l-P8|LD_L3_l-P9|LD_L3_l-P10,True,额外跨越 ['torso'],L/upper
164,LD_L4_l,LD_L4_l_tendon,upper,Muscle_Arm_l.xml,L,name,upper|torso,T12_L1_FE|T12_L1_LB|T12_L1_AR|sternoclavicular_r2_l|sternoclavicular_r3_l|unrotscap_r3_l|unrotscap_r2_l|acromioclavicular_r2_l|acromioclavicular_r3_l|acromioclavicular_r1_l|unrothum_r1_l|unrothum_r3_l|unrothum_r2_l|elv_angle_l|shoulder_elv_l|shoulder1_r2_l|shoulder_rot_l,lumbar4|humerus_l|rib5_L|rib6_L|rib7_L|rib8_L|rib9_L|rib10_L|rib11_L|rib12_L,LD_L4_l-P1|LD_L4_l-P2|LD_L4_l-P3|LD_L4_l-P4|LD_L4_l-P5|LD_L4_l-P6|LD_L4_l-P7|LD_L4_l-P8|LD_L4_l-P9|LD_L4_l-P10,True,额外跨越 ['torso'],L/upper
165,LD_L5_l,LD_L5_l_tendon,upper,Muscle_Arm_l.xml,L,name,upper|torso,T12_L1_FE|T12_L1_LB|T12_L1_AR|sternoclavicular_r2_l|sternoclavicular_r3_l|unrotscap_r3_l|unrotscap_r2_l|acromioclavicular_r2_l|acromioclavicular_r3_l|acromioclavicular_r1_l|unrothum_r1_l|unrothum_r3_l|unrothum_r2_l|elv_angle_l|shoulder_elv_l|shoulder1_r2_l|shoulder_rot_l,lumbar5|humerus_l|rib5_L|rib6_L|rib7_L|rib8_L|rib9_L|rib10_L|rib11_L|rib12_L,LD_L5_l-P1|LD_L5_l-P2|LD_L5_l-P3|LD_L5_l-P4|LD_L5_l-P5|LD_L5_l-P6|LD_L5_l-P7|LD_L5_l-P8|LD_L5_l-P9|LD_L5_l-P10,True,额外跨越 ['torso'],L/upper
166,LD_T12_l,LD_T12_l_tendon,upper,Muscle_Arm_l.xml,L,name,upper,sternoclavicular_r2_l|sternoclavicular_r3_l|unrotscap_r3_l|unrotscap_r2_l|acromioclavicular_r2_l|acromioclavicular_r3_l|acromioclavicular_r1_l|unrothum_r1_l|unrothum_r3_l|unrothum_r2_l|elv_angle_l|shoulder_elv_l|shoulder1_r2_l|shoulder_rot_l,thoracic12|humerus_l|rib6_L|rib7_L|rib8_L|rib9_L|rib10_L|rib11_L|rib12_L,LD_T12_l-P1|LD_T12_l-P2|LD_T12_l-P3|LD_T12_l-P4|LD_T12_l-P5|LD_T12_l-P6|LD_T12_l-P7|LD_T12_l-P8|LD_T12_l-P9,True,,L/upper
167,LD_T11_l,LD_T11_l_tendon,upper,Muscle_Arm_l.xml,L,name,upper,sternoclavicular_r2_l|sternoclavicular_r3_l|unrotscap_r3_l|unrotscap_r2_l|acromioclavicular_r2_l|acromioclavicular_r3_l|acromioclavicular_r1_l|unrothum_r1_l|unrothum_r3_l|unrothum_r2_l|elv_angle_l|shoulder_elv_l|shoulder1_r2_l|shoulder_rot_l,thoracic11|humerus_l|rib6_L|rib7_L|rib8_L|rib9_L|rib10_L|rib11_L,LD_T11_l-P1|LD_T11_l-P2|LD_T11_l-P3|LD_T11_l-P4|LD_T11_l-P5|LD_T11_l-P6|LD_T11_l-P7|LD_T11_l-P8,True,,L/upper
168,LD_T10_l,LD_T10_l_tendon,upper,Muscle_Arm_l.xml,L,name,upper,sternoclavicular_r2_l|sternoclavicular_r3_l|unrotscap_r3_l|unrotscap_r2_l|acromioclavicular_r2_l|acromioclavicular_r3_l|acromioclavicular_r1_l|unrothum_r1_l|unrothum_r3_l|unrothum_r2_l|elv_angle_l|shoulder_elv_l|shoulder1_r2_l|shoulder_rot_l,thoracic10|humerus_l|rib6_L|rib7_L|rib8_L|rib9_L|rib10_L,LD_T10_l-P1|LD_T10_l-P2|LD_T10_l-P3|LD_T10_l-P4|LD_T10_l-P5|LD_T10_l-P6|LD_T10_l-P7,True,,L/upper
169,LD_T9_l,LD_T9_l_tendon,upper,Muscle_Arm_l.xml,L,name,upper,sternoclavicular_r2_l|sternoclavicular_r3_l|unrotscap_r3_l|unrotscap_r2_l|acromioclavicular_r2_l|acromioclavicular_r3_l|acromioclavicular_r1_l|unrothum_r1_l|unrothum_r3_l|unrothum_r2_l|elv_angle_l|shoulder_elv_l|shoulder1_r2_l|shoulder_rot_l,thoracic9|humerus_l|rib6_L|rib7_L|rib8_L,LD_T9_l-P1|LD_T9_l-P2|LD_T9_l-P3|LD_T9_l-P4|LD_T9_l-P5,True,,L/upper
170,LD_T8_l,LD_T8_l_tendon,upper,Muscle_Arm_l.xml,L,name,upper,sternoclavicular_r2_l|sternoclavicular_r3_l|unrotscap_r3_l|unrotscap_r2_l|acromioclavicular_r2_l|acromioclavicular_r3_l|acromioclavicular_r1_l|unrothum_r1_l|unrothum_r3_l|unrothum_r2_l|elv_angle_l|shoulder_elv_l|shoulder1_r2_l|shoulder_rot_l,thoracic8|humerus_l|rib6_L|rib7_L|rib8_L,LD_T8_l-P1|LD_T8_l-P2|LD_T8_l-P3|LD_T8_l-P4|LD_T8_l-P5,True,,L/upper
171,LD_T7_l,LD_T7_l_tendon,upper,Muscle_Arm_l.xml,L,name,upper,sternoclavicular_r2_l|sternoclavicular_r3_l|unrotscap_r3_l|unrotscap_r2_l|acromioclavicular_r2_l|acromioclavicular_r3_l|acromioclavicular_r1_l|unrothum_r1_l|unrothum_r3_l|unrothum_r2_l|elv_angle_l|shoulder_elv_l|shoulder1_r2_l|shoulder_rot_l,thoracic7|humerus_l|rib6_L|rib7_L,LD_T7_l-P1|LD_T7_l-P2|LD_T7_l-P3|LD_T7_l-P4,True,,L/upper
172,LD_R12_l,LD_R12_l_tendon,upper,Muscle_Arm_l.xml,L,name,upper,sternoclavicular_r2_l|sternoclavicular_r3_l|unrotscap_r3_l|unrotscap_r2_l|acromioclavicular_r2_l|acromioclavicular_r3_l|acromioclavicular_r1_l|unrothum_r1_l|unrothum_r3_l|unrothum_r2_l|elv_angle_l|shoulder_elv_l|shoulder1_r2_l|shoulder_rot_l,humerus_l|rib5_L|rib6_L|rib7_L|rib8_L|rib9_L|rib10_L|rib11_L|rib12_L,LD_R12_l-P1|LD_R12_l-P2|LD_R12_l-P3|LD_R12_l-P4|LD_R12_l-P5|LD_R12_l-P6|LD_R12_l-P7|LD_R12_l-P8|LD_R12_l-P9,True,,L/upper
173,LD_R11_l,LD_R11_l_tendon,upper,Muscle_Arm_l.xml,L,name,upper,sternoclavicular_r2_l|sternoclavicular_r3_l|unrotscap_r3_l|unrotscap_r2_l|acromioclavicular_r2_l|acromioclavicular_r3_l|acromioclavicular_r1_l|unrothum_r1_l|unrothum_r3_l|unrothum_r2_l|elv_angle_l|shoulder_elv_l|shoulder1_r2_l|shoulder_rot_l,humerus_l|rib5_L|rib6_L|rib7_L|rib8_L|rib9_L|rib10_L|rib11_L,LD_R11_l-P1|LD_R11_l-P2|LD_R11_l-P3|LD_R11_l-P4|LD_R11_l-P5|LD_R11_l-P6|LD_R11_l-P7|LD_R11_l-P8,True,,L/upper
174,LD_IL_l,LD_IL_l_tendon,upper,Muscle_Arm_l.xml,L,name,upper|torso,L5_S1_FE|L5_S1_LB|L5_S1_AR|T12_L1_FE|T12_L1_LB|T12_L1_AR|sternoclavicular_r2_l|sternoclavicular_r3_l|unrotscap_r3_l|unrotscap_r2_l|acromioclavicular_r2_l|acromioclavicular_r3_l|acromioclavicular_r1_l|unrothum_r1_l|unrothum_r3_l|unrothum_r2_l|elv_angle_l|shoulder_elv_l|shoulder1_r2_l|shoulder_rot_l,pelvis|humerus_l|rib5_L|rib6_L|rib7_L|rib8_L|rib9_L|rib10_L|rib11_L,LD_IL_l-P1|LD_IL_l-P2|LD_IL_l-P3|LD_IL_l-P4|LD_IL_l-P5|LD_IL_l-P6|LD_IL_l-P7|LD_IL_l-P8|LD_IL_l-P9,True,额外跨越 ['torso'],L/upper
175,DELT1_l,DELT1_l_tendon,upper,Muscle_Arm_l.xml,L,name,upper,unrotscap_r3_l|unrotscap_r2_l|acromioclavicular_r2_l|acromioclavicular_r3_l|acromioclavicular_r1_l|unrothum_r1_l|unrothum_r3_l|unrothum_r2_l|elv_angle_l|shoulder_elv_l|shoulder1_r2_l|shoulder_rot_l,clavicle_l|scapula_l|humerus_l,DELT1_l-P1|DELT1_l-P2|DELT1_l-P3|DELT1_l-P4,True,,L/upper
176,DELT2_l,DELT2_l_tendon,upper,Muscle_Arm_l.xml,L,name,upper,unrothum_r1_l|unrothum_r3_l|unrothum_r2_l|elv_angle_l|shoulder_elv_l|shoulder1_r2_l|shoulder_rot_l,scapula_l|humerus_l,DELT2_l-P1|DELT2_l-P2|DELT2_l-P3|DELT2_l-P4,True,,L/upper
177,DELT3_l,DELT3_l_tendon,upper,Muscle_Arm_l.xml,L,name,upper,unrothum_r1_l|unrothum_r3_l|unrothum_r2_l|elv_angle_l|shoulder_elv_l|shoulder1_r2_l|shoulder_rot_l,scapula_l|humerus_l,DELT3_l-P1|DELT3_l-P2|DELT3_l-P3,True,,L/upper
178,SUPSP_l,SUPSP_l_tendon,upper,Muscle_Arm_l.xml,L,name,upper,unrothum_r1_l|unrothum_r3_l|unrothum_r2_l|elv_angle_l|shoulder_elv_l|shoulder1_r2_l|shoulder_rot_l,scapula_l|humerus_l,SUPSP_l-P1|SUPSP_l-P2|SUPSP_l-P3,True,,L/upper
179,INFSP_l,INFSP_l_tendon,upper,Muscle_Arm_l.xml,L,name,upper,unrothum_r1_l|unrothum_r3_l|unrothum_r2_l|elv_angle_l|shoulder_elv_l|shoulder1_r2_l|shoulder_rot_l,scapula_l|humerus_l,INFSP_l-P1|INFSP_l-P2,True,,L/upper
180,SUBSC_l,SUBSC_l_tendon,upper,Muscle_Arm_l.xml,L,name,upper,unrothum_r1_l|unrothum_r3_l|unrothum_r2_l|elv_angle_l|shoulder_elv_l|shoulder1_r2_l|shoulder_rot_l,scapula_l|humerus_l,SUBSC_l-P1|SUBSC_l-P2|SUBSC_l-P3,True,,L/upper
181,TMIN_l,TMIN_l_tendon,upper,Muscle_Arm_l.xml,L,name,upper,unrothum_r1_l|unrothum_r3_l|unrothum_r2_l|elv_angle_l|shoulder_elv_l|shoulder1_r2_l|shoulder_rot_l,scapula_l|humerus_l,TMIN_l-P1|TMIN_l-P2|TMIN_l-P3,True,,L/upper
182,TMAJ_l,TMAJ_l_tendon,upper,Muscle_Arm_l.xml,L,name,upper,unrothum_r1_l|unrothum_r3_l|unrothum_r2_l|elv_angle_l|shoulder_elv_l|shoulder1_r2_l|shoulder_rot_l,scapula_l|humerus_l,TMAJ_l-P1|TMAJ_l-P2|TMAJ_l-P3|TMAJ_l-P4|TMAJ_l-P5,True,,L/upper
183,PECM1_l,PECM1_l_tendon,upper,Muscle_Arm_l.xml,L,name,upper,unrotscap_r3_l|unrotscap_r2_l|acromioclavicular_r2_l|acromioclavicular_r3_l|acromioclavicular_r1_l|unrothum_r1_l|unrothum_r3_l|unrothum_r2_l|elv_angle_l|shoulder_elv_l|shoulder1_r2_l|shoulder_rot_l,clavicle_l|humerus_l,PECM1_l-P1|PECM1_l-P2|PECM1_l-P3|PECM1_l-P4,True,,L/upper
184,PECM2_l,PECM2_l_tendon,upper,Muscle_Arm_l.xml,L,name,upper,sternoclavicular_r2_l|sternoclavicular_r3_l|unrotscap_r3_l|unrotscap_r2_l|acromioclavicular_r2_l|acromioclavicular_r3_l|acromioclavicular_r1_l|unrothum_r1_l|unrothum_r3_l|unrothum_r2_l|elv_angle_l|shoulder_elv_l|shoulder1_r2_l|shoulder_rot_l,sternum|humerus_l,PECM2_l-P1|PECM2_l-P2|PECM2_l-P3|PECM2_l-P4|PECM2_l-P5,True,,L/upper
185,PECM3_l,PECM3_l_tendon,upper,Muscle_Arm_l.xml,L,name,upper,sternoclavicular_r2_l|sternoclavicular_r3_l|unrotscap_r3_l|unrotscap_r2_l|acromioclavicular_r2_l|acromioclavicular_r3_l|acromioclavicular_r1_l|unrothum_r1_l|unrothum_r3_l|unrothum_r2_l|elv_angle_l|shoulder_elv_l|shoulder1_r2_l|shoulder_rot_l,sternum|humerus_l,PECM3_l-P1|PECM3_l-P2|PECM3_l-P3|PECM3_l-P4|PECM3_l-P5,True,,L/upper
186,CORB_l,CORB_l_tendon,upper,Muscle_Arm_l.xml,L,name,upper,unrothum_r1_l|unrothum_r3_l|unrothum_r2_l|elv_angle_l|shoulder_elv_l|shoulder1_r2_l|shoulder_rot_l,scapula_l|humerus_l,CORB_l-P1|CORB_l-P2|CORB_l-P3,True,,L/upper
187,TRIlong_l,TRIlong_l_tendon,upper,Muscle_Arm_l.xml,L,name,upper,unrothum_r1_l|unrothum_r3_l|unrothum_r2_l|elv_angle_l|shoulder_elv_l|shoulder1_r2_l|shoulder_rot_l|elbow_flexion_l,scapula_l|humerus_l|ulna_l,TRIlong_l-P1|TRIlong_l-P2|TRIlong_l-P3|TRIlong_l-P4|TRIlong_l-P5,True,,L/upper
188,TRIlat_l,TRIlat_l_tendon,upper,Muscle_Arm_l.xml,L,name,upper,elbow_flexion_l,humerus_l|ulna_l,TRIlat_l-P1|TRIlat_l-P2|TRIlat_l-P3|TRIlat_l-P4|TRIlat_l-P5,True,,L/upper
189,TRImed_l,TRImed_l_tendon,upper,Muscle_Arm_l.xml,L,name,upper,elbow_flexion_l,humerus_l|ulna_l,TRImed_l-P1|TRImed_l-P2|TRImed_l-P3|TRImed_l-P4|TRImed_l-P5,True,,L/upper
190,ANC_l,ANC_l_tendon,upper,Muscle_Arm_l.xml,L,name,upper,elbow_flexion_l,humerus_l|ulna_l,ANC_l-P1|ANC_l-P2,True,,L/upper
191,SUP_l,SUP_l_tendon,upper,Muscle_Arm_l.xml,L,name,upper,pro_sup_l,ulna_l|radius_l,SUP_l-P1|SUP_l-P2|SUP_l-P3,True,,L/upper
192,BIClong_l,BIClong_l_tendon,upper,Muscle_Arm_l.xml,L,name,upper,unrothum_r1_l|unrothum_r3_l|unrothum_r2_l|elv_angle_l|shoulder_elv_l|shoulder1_r2_l|shoulder_rot_l|elbow_flexion_l|pro_sup_l,scapula_l|humerus_l|radius_l,BIClong_l-P1|BIClong_l-P2|BIClong_l-P3|BIClong_l-P4|BIClong_l-P5|BIClong_l-P6|BIClong_l-P7|BIClong_l-P8|BIClong_l-P9|BIClong_l-P10,True,,L/upper
193,BICshort_l,BICshort_l_tendon,upper,Muscle_Arm_l.xml,L,name,upper,unrothum_r1_l|unrothum_r3_l|unrothum_r2_l|elv_angle_l|shoulder_elv_l|shoulder1_r2_l|shoulder_rot_l|elbow_flexion_l|pro_sup_l,scapula_l|humerus_l|radius_l,BICshort_l-P1|BICshort_l-P2|BICshort_l-P3|BICshort_l-P4|BICshort_l-P5|BICshort_l-P6|BICshort_l-P7,True,,L/upper
194,BRA_l,BRA_l_tendon,upper,Muscle_Arm_l.xml,L,name,upper,elbow_flexion_l,humerus_l|ulna_l,BRA_l-P1|BRA_l-P2|BRA_l-P3|BRA_l-P4,True,,L/upper
195,BRD_l,BRD_l_tendon,upper,Muscle_Arm_l.xml,L,name,upper,elbow_flexion_l|pro_sup_l,humerus_l|radius_l,BRD_l-P1|BRD_l-P2|BRD_l-P3,True,,L/upper
196,ECRL_l,ECRL_l_tendon,upper,Muscle_Arm_l.xml,L,name,upper,elbow_flexion_l|pro_sup_l|deviation_l|flexion_l|wrist_hand_r1_l|wrist_hand_r3_l,humerus_l|radius_l|proximal_row_l|hand_l,ECRL_l-P1|ECRL_l-P2|ECRL_l-P3|ECRL_l-P4,True,,L/upper
197,ECRB_l,ECRB_l_tendon,upper,Muscle_Arm_l.xml,L,name,upper,elbow_flexion_l|pro_sup_l|deviation_l|flexion_l|wrist_hand_r1_l|wrist_hand_r3_l,humerus_l|radius_l|proximal_row_l|hand_l,ECRB_l-P1|ECRB_l-P2|ECRB_l-P3|ECRB_l-P4,True,,L/upper
198,ECU_l,ECU_l_tendon,upper,Muscle_Arm_l.xml,L,name,upper,elbow_flexion_l|pro_sup_l|deviation_l|flexion_l|wrist_hand_r1_l|wrist_hand_r3_l,humerus_l|ulna_l|radius_l|hand_l,ECU_l-P1|ECU_l-P2|ECU_l-P3|ECU_l-P4|ECU_l-P5|ECU_l-P6,True,,L/upper
199,FCR_l,FCR_l_tendon,upper,Muscle_Arm_l.xml,L,name,upper,elbow_flexion_l|pro_sup_l|deviation_l|flexion_l|wrist_hand_r1_l|wrist_hand_r3_l,humerus_l|radius_l|proximal_row_l|hand_l,FCR_l-P1|FCR_l-P2|FCR_l-P3,True,,L/upper
200,FCU_l,FCU_l_tendon,upper,Muscle_Arm_l.xml,L,name,upper,elbow_flexion_l|pro_sup_l|deviation_l|flexion_l|wrist_hand_r1_l|wrist_hand_r3_l,humerus_l|radius_l|hand_l,FCU_l-P1|FCU_l-P2|FCU_l-P3|FCU_l-P4,True,,L/upper
201,PL_l,PL_l_tendon,upper,Muscle_Arm_l.xml,L,name,upper,elbow_flexion_l|pro_sup_l|deviation_l|flexion_l|wrist_hand_r1_l|wrist_hand_r3_l,humerus_l|radius_l|hand_l,PL_l-P1|PL_l-P2|PL_l-P3|PL_l-P4,True,,L/upper
202,PT_l,PT_l_tendon,upper,Muscle_Arm_l.xml,L,name,upper,elbow_flexion_l|pro_sup_l,humerus_l|ulna_l|radius_l,PT_l-P1|PT_l-P2|PT_l-P3|PT_l-P4|PT_l-P5,True,,L/upper
203,PQ_l,PQ_l_tendon,upper,Muscle_Arm_l.xml,L,name,upper,pro_sup_l,ulna_l|radius_l,PQ_l-P1|PQ_l-P2,True,,L/upper
204,FDSL_l,FDSL_l_tendon,upper,Muscle_Arm_l.xml,L,name,upper,elbow_flexion_l|pro_sup_l|deviation_l|flexion_l|wrist_hand_r1_l|wrist_hand_r3_l,humerus_l|radius_l|proximal_row_l|hand_l,FDSL_l-P1|FDSL_l-P2|FDSL_l-P3|FDSL_l-P4|FDSL_l-P5|FDSL_l-P6|FDSL_l-P7|FDSL_l-P8,True,,L/upper
205,FDSR_l,FDSR_l_tendon,upper,Muscle_Arm_l.xml,L,name,upper,elbow_flexion_l|pro_sup_l|deviation_l|flexion_l|wrist_hand_r1_l|wrist_hand_r3_l,humerus_l|radius_l|proximal_row_l|hand_l,FDSR_l-P1|FDSR_l-P2|FDSR_l-P3|FDSR_l-P4|FDSR_l-P5|FDSR_l-P6|FDSR_l-P7|FDSR_l-P8,True,,L/upper
206,FDSM_l,FDSM_l_tendon,upper,Muscle_Arm_l.xml,L,name,upper,pro_sup_l|deviation_l|flexion_l|wrist_hand_r1_l|wrist_hand_r3_l,ulna_l|radius_l|proximal_row_l|hand_l,FDSM_l-P1|FDSM_l-P2|FDSM_l-P3|FDSM_l-P4|FDSM_l-P5|FDSM_l-P6|FDSM_l-P7|FDSM_l-P8|FDSM_l-P9,True,,L/upper
207,FDSI_l,FDSI_l_tendon,upper,Muscle_Arm_l.xml,L,name,upper,pro_sup_l|deviation_l|flexion_l|wrist_hand_r1_l|wrist_hand_r3_l,ulna_l|radius_l|proximal_row_l|hand_l,FDSI_l-P1|FDSI_l-P2|FDSI_l-P3|FDSI_l-P4|FDSI_l-P5|FDSI_l-P6|FDSI_l-P7|FDSI_l-P8|FDSI_l-P9,True,,L/upper
208,FDPL_l,FDPL_l_tendon,upper,Muscle_Arm_l.xml,L,name,upper,pro_sup_l|deviation_l|flexion_l|wrist_hand_r1_l|wrist_hand_r3_l,ulna_l|radius_l|proximal_row_l|hand_l,FDPL_l-P1|FDPL_l-P2|FDPL_l-P3|FDPL_l-P4|FDPL_l-P5|FDPL_l-P6|FDPL_l-P7|FDPL_l-P8|FDPL_l-P9,True,,L/upper
209,FDPR_l,FDPR_l_tendon,upper,Muscle_Arm_l.xml,L,name,upper,pro_sup_l|deviation_l|flexion_l|wrist_hand_r1_l|wrist_hand_r3_l,ulna_l|radius_l|proximal_row_l|hand_l,FDPR_l-P1|FDPR_l-P2|FDPR_l-P3|FDPR_l-P4|FDPR_l-P5|FDPR_l-P6|FDPR_l-P7|FDPR_l-P8|FDPR_l-P9,True,,L/upper
210,FDPM_l,FDPM_l_tendon,upper,Muscle_Arm_l.xml,L,name,upper,pro_sup_l|deviation_l|flexion_l|wrist_hand_r1_l|wrist_hand_r3_l,ulna_l|radius_l|proximal_row_l|hand_l,FDPM_l-P1|FDPM_l-P2|FDPM_l-P3|FDPM_l-P4|FDPM_l-P5|FDPM_l-P6|FDPM_l-P7|FDPM_l-P8|FDPM_l-P9|FDPM_l-P10,True,,L/upper
211,FDPI_l,FDPI_l_tendon,upper,Muscle_Arm_l.xml,L,name,upper,pro_sup_l|deviation_l|flexion_l|wrist_hand_r1_l|wrist_hand_r3_l,ulna_l|radius_l|proximal_row_l|hand_l,FDPI_l-P1|FDPI_l-P2|FDPI_l-P3|FDPI_l-P4|FDPI_l-P5|FDPI_l-P6|FDPI_l-P7|FDPI_l-P8|FDPI_l-P9,True,,L/upper
212,EDCL_l,EDCL_l_tendon,upper,Muscle_Arm_l.xml,L,name,upper,elbow_flexion_l|pro_sup_l|deviation_l|flexion_l|wrist_hand_r1_l|wrist_hand_r3_l,humerus_l|radius_l|proximal_row_l|hand_l,EDCL_l-P1|EDCL_l-P2|EDCL_l-P3|EDCL_l-P4|EDCL_l-P5|EDCL_l-P6|EDCL_l-P7|EDCL_l-P8|EDCL_l-P9|EDCL_l-P10,True,,L/upper
213,EDCR_l,EDCR_l_tendon,upper,Muscle_Arm_l.xml,L,name,upper,elbow_flexion_l|pro_sup_l|deviation_l|flexion_l|wrist_hand_r1_l|wrist_hand_r3_l,humerus_l|radius_l|proximal_row_l|hand_l,EDCR_l-P1|EDCR_l-P2|EDCR_l-P3|EDCR_l-P4|EDCR_l-P5|EDCR_l-P6|EDCR_l-P7|EDCR_l-P8|EDCR_l-P9|EDCR_l-P10,True,,L/upper
214,EDCM_l,EDCM_l_tendon,upper,Muscle_Arm_l.xml,L,name,upper,elbow_flexion_l|pro_sup_l|deviation_l|flexion_l|wrist_hand_r1_l|wrist_hand_r3_l,humerus_l|radius_l|proximal_row_l|hand_l,EDCM_l-P1|EDCM_l-P2|EDCM_l-P3|EDCM_l-P4|EDCM_l-P5|EDCM_l-P6|EDCM_l-P7|EDCM_l-P8|EDCM_l-P9|EDCM_l-P10|EDCM_l-P11,True,,L/upper
215,EDCI_l,EDCI_l_tendon,upper,Muscle_Arm_l.xml,L,name,upper,elbow_flexion_l|pro_sup_l|deviation_l|flexion_l|wrist_hand_r1_l|wrist_hand_r3_l,humerus_l|radius_l|proximal_row_l|hand_l,EDCI_l-P1|EDCI_l-P2|EDCI_l-P3|EDCI_l-P4|EDCI_l-P5|EDCI_l-P6|EDCI_l-P7|EDCI_l-P8|EDCI_l-P9|EDCI_l-P10,True,,L/upper
216,EDM_l,EDM_l_tendon,upper,Muscle_Arm_l.xml,L,name,upper,elbow_flexion_l|pro_sup_l|deviation_l|flexion_l|wrist_hand_r1_l|wrist_hand_r3_l,humerus_l|ulna_l|radius_l|proximal_row_l|hand_l,EDM_l-P1|EDM_l-P2|EDM_l-P3|EDM_l-P4|EDM_l-P5|EDM_l-P6|EDM_l-P7|EDM_l-P8|EDM_l-P9|EDM_l-P10|EDM_l-P11,True,,L/upper
217,EIP_l,EIP_l_tendon,upper,Muscle_Arm_l.xml,L,name,upper,pro_sup_l|deviation_l|flexion_l|wrist_hand_r1_l|wrist_hand_r3_l,ulna_l|radius_l|proximal_row_l|hand_l,EIP_l-P1|EIP_l-P2|EIP_l-P3|EIP_l-P4|EIP_l-P5|EIP_l-P6|EIP_l-P7|EIP_l-P8|EIP_l-P9|EIP_l-P10,True,,L/upper
218,EPL_l,EPL_l_tendon,upper,Muscle_Arm_l.xml,L,name,upper,pro_sup_l|deviation_l|flexion_l|wrist_hand_r1_l|wrist_hand_r3_l,ulna_l|radius_l|hand_l,EPL_l-P1|EPL_l-P2|EPL_l-P3|EPL_l-P4|EPL_l-P5|EPL_l-P6|EPL_l-P7|EPL_l-P8|EPL_l-P9|EPL_l-P10|EPL_l-P11|EPL_l-P12,True,,L/upper
219,EPB_l,EPB_l_tendon,upper,Muscle_Arm_l.xml,L,name,upper,deviation_l|flexion_l|wrist_hand_r1_l|wrist_hand_r3_l,radius_l|hand_l,EPB_l-P1|EPB_l-P2|EPB_l-P3|EPB_l-P4|EPB_l-P5|EPB_l-P6|EPB_l-P7|EPB_l-P8,True,,L/upper
220,FPL_l,FPL_l_tendon,upper,Muscle_Arm_l.xml,L,name,upper,deviation_l|flexion_l|wrist_hand_r1_l|wrist_hand_r3_l,radius_l|proximal_row_l|hand_l,FPL_l-P1|FPL_l-P2|FPL_l-P3|FPL_l-P4|FPL_l-P5|FPL_l-P6|FPL_l-P7|FPL_l-P8|FPL_l-P9|FPL_l-P10|FPL_l-P11,True,,L/upper
221,APL_l,APL_l_tendon,upper,Muscle_Arm_l.xml,L,name,upper,deviation_l|flexion_l|wrist_hand_r1_l|wrist_hand_r3_l,radius_l|hand_l,APL_l-P1|APL_l-P2|APL_l-P3|APL_l-P4|APL_l-P5|APL_l-P6|APL_l-P7|APL_l-P8|APL_l-P9,True,,L/upper
222,rect_abd_r,rect_abd_r_tendon,torso,Muscle_Torso.xml,R,name,torso,L5_S1_FE|L5_S1_LB|L5_S1_AR|T12_L1_FE|T12_L1_LB|T12_L1_AR,pelvis|Abdomen|rib6_R,rect_abd_r-P1|rect_abd_r-P2|rect_abd_r-P3|rect_abd_r-P4,True,,R/torso
223,IL_L1_r,IL_L1_r_tendon,torso,Muscle_Torso.xml,R,name,torso,L5_S1_FE|L5_S1_LB|L5_S1_AR,pelvis|lumbar1,IL_L1_r-P1|IL_L1_r-P2,True,,R/torso
224,IL_L2_r,IL_L2_r_tendon,torso,Muscle_Torso.xml,R,name,torso,L5_S1_FE|L5_S1_LB|L5_S1_AR,pelvis|lumbar2,IL_L2_r-P1|IL_L2_r-P2,True,,R/torso
225,IL_L3_r,IL_L3_r_tendon,torso,Muscle_Torso.xml,R,name,torso,L5_S1_FE|L5_S1_LB|L5_S1_AR,pelvis|lumbar3,IL_L3_r-P1|IL_L3_r-P2,True,,R/torso
226,IL_L4_r,IL_L4_r_tendon,torso,Muscle_Torso.xml,R,name,torso,L5_S1_FE|L5_S1_LB|L5_S1_AR,pelvis|lumbar4,IL_L4_r-P1|IL_L4_r-P2,True,,R/torso
227,IL_R5_r,IL_R5_r_tendon,torso,Muscle_Torso.xml,R,name,torso,L5_S1_FE|L5_S1_LB|L5_S1_AR|T12_L1_FE|T12_L1_LB|T12_L1_AR,pelvis|lumbar2|rib5_R|rib6_R|rib7_R|rib8_R|rib9_R|rib10_R,IL_R5_r-P1|IL_R5_r-P2|IL_R5_r-P3|IL_R5_r-P4|IL_R5_r-P5|IL_R5_r-P6|IL_R5_r-P7|IL_R5_r-P8,True,,R/torso
228,IL_R6_r,IL_R6_r_tendon,torso,Muscle_Torso.xml,R,name,torso,L5_S1_FE|L5_S1_LB|L5_S1_AR|T12_L1_FE|T12_L1_LB|T12_L1_AR,pelvis|lumbar2|rib6_R|rib7_R|rib8_R|rib9_R|rib10_R,IL_R6_r-P1|IL_R6_r-P2|IL_R6_r-P3|IL_R6_r-P4|IL_R6_r-P5|IL_R6_r-P6|IL_R6_r-P7,True,,R/torso
229,IL_R7_r,IL_R7_r_tendon,torso,Muscle_Torso.xml,R,name,torso,L5_S1_FE|L5_S1_LB|L5_S1_AR|T12_L1_FE|T12_L1_LB|T12_L1_AR,pelvis|lumbar2|rib7_R|rib8_R|rib9_R|rib10_R,IL_R7_r-P1|IL_R7_r-P2|IL_R7_r-P3|IL_R7_r-P4|IL_R7_r-P5|IL_R7_r-P6,True,,R/torso
230,IL_R8_r,IL_R8_r_tendon,torso,Muscle_Torso.xml,R,name,torso,L5_S1_FE|L5_S1_LB|L5_S1_AR|T12_L1_FE|T12_L1_LB|T12_L1_AR,pelvis|lumbar2|rib8_R|rib9_R|rib10_R,IL_R8_r-P1|IL_R8_r-P2|IL_R8_r-P3|IL_R8_r-P4|IL_R8_r-P5,True,,R/torso
231,IL_R9_r,IL_R9_r_tendon,torso,Muscle_Torso.xml,R,name,torso,L5_S1_FE|L5_S1_LB|L5_S1_AR|T12_L1_FE|T12_L1_LB|T12_L1_AR,pelvis|lumbar2|rib9_R|rib10_R,IL_R9_r-P1|IL_R9_r-P2|IL_R9_r-P3|IL_R9_r-P4,True,,R/torso
232,IL_R10_r,IL_R10_r_tendon,torso,Muscle_Torso.xml,R,name,torso,L5_S1_FE|L5_S1_LB|L5_S1_AR|T12_L1_FE|T12_L1_LB|T12_L1_AR,pelvis|lumbar2|rib10_R,IL_R10_r-P1|IL_R10_r-P2|IL_R10_r-P3,True,,R/torso
233,IL_R11_r,IL_R11_r_tendon,torso,Muscle_Torso.xml,R,name,torso,L5_S1_FE|L5_S1_LB|L5_S1_AR|T12_L1_FE|T12_L1_LB|T12_L1_AR,pelvis|lumbar2|rib11_R,IL_R11_r-P1|IL_R11_r-P2|IL_R11_r-P3,True,,R/torso
234,IL_R12_r,IL_R12_r_tendon,torso,Muscle_Torso.xml,R,name,torso,L5_S1_FE|L5_S1_LB|L5_S1_AR|T12_L1_FE|T12_L1_LB|T12_L1_AR,pelvis|rib12_R,IL_R12_r-P1|IL_R12_r-P2,True,,R/torso
235,LTpT_T1_r,LTpT_T1_r_tendon,torso,Muscle_Torso.xml,R,name,torso,T12_L1_FE|T12_L1_LB|T12_L1_AR,lumbar1|thoracic12|thoracic11|thoracic10|thoracic9|thoracic8|thoracic7|thoracic6|thoracic5|thoracic1,LTpT_T1_r-P1|LTpT_T1_r-P2|LTpT_T1_r-P3|LTpT_T1_r-P4|LTpT_T1_r-P5|LTpT_T1_r-P6|LTpT_T1_r-P7|LTpT_T1_r-P8|LTpT_T1_r-P9|LTpT_T1_r-P10,True,,R/torso
236,LTpT_T2_r,LTpT_T2_r_tendon,torso,Muscle_Torso.xml,R,name,torso,T12_L1_FE|T12_L1_LB|T12_L1_AR,lumbar2|thoracic12|thoracic11|thoracic10|thoracic9|thoracic8|thoracic7|thoracic6|thoracic5|thoracic4|thoracic2,LTpT_T2_r-P1|LTpT_T2_r-P2|LTpT_T2_r-P3|LTpT_T2_r-P4|LTpT_T2_r-P5|LTpT_T2_r-P6|LTpT_T2_r-P7|LTpT_T2_r-P8|LTpT_T2_r-P9|LTpT_T2_r-P10|LTpT_T2_r-P11,True,,R/torso
237,LTpT_T3_r,LTpT_T3_r_tendon,torso,Muscle_Torso.xml,R,name,torso,T12_L1_FE|T12_L1_LB|T12_L1_AR,lumbar3|lumbar1|thoracic12|thoracic11|thoracic10|thoracic9|thoracic8|thoracic7|thoracic6|thoracic5|thoracic3,LTpT_T3_r-P1|LTpT_T3_r-P2|LTpT_T3_r-P3|LTpT_T3_r-P4|LTpT_T3_r-P5|LTpT_T3_r-P6|LTpT_T3_r-P7|LTpT_T3_r-P8|LTpT_T3_r-P9|LTpT_T3_r-P10|LTpT_T3_r-P11,True,,R/torso
238,LTpT_T4_r,LTpT_T4_r_tendon,torso,Muscle_Torso.xml,R,name,torso,T12_L1_FE|T12_L1_LB|T12_L1_AR,lumbar4|lumbar1|thoracic12|thoracic11|thoracic10|thoracic9|thoracic8|thoracic7|thoracic6|thoracic4,LTpT_T4_r-P1|LTpT_T4_r-P2|LTpT_T4_r-P3|LTpT_T4_r-P4|LTpT_T4_r-P5|LTpT_T4_r-P6|LTpT_T4_r-P7|LTpT_T4_r-P8|LTpT_T4_r-P9|LTpT_T4_r-P10,True,,R/torso
239,LTpT_T5_r,LTpT_T5_r_tendon,torso,Muscle_Torso.xml,R,name,torso,T12_L1_FE|T12_L1_LB|T12_L1_AR,lumbar4|lumbar2|thoracic12|thoracic11|thoracic10|thoracic9|thoracic8|thoracic7|thoracic5,LTpT_T5_r-P1|LTpT_T5_r-P2|LTpT_T5_r-P3|LTpT_T5_r-P4|LTpT_T5_r-P5|LTpT_T5_r-P6|LTpT_T5_r-P7|LTpT_T5_r-P8|LTpT_T5_r-P9,True,,R/torso
240,LTpT_T6_r,LTpT_T6_r_tendon,torso,Muscle_Torso.xml,R,name,torso,T12_L1_FE|T12_L1_LB|T12_L1_AR,lumbar5|lumbar2|thoracic10|thoracic6,LTpT_T6_r-P1|LTpT_T6_r-P2|LTpT_T6_r-P3|LTpT_T6_r-P4,True,,R/torso
241,LTpT_T7_r,LTpT_T7_r_tendon,torso,Muscle_Torso.xml,R,name,torso,L5_S1_FE|L5_S1_LB|L5_S1_AR|T12_L1_FE|T12_L1_LB|T12_L1_AR,sacrum|lumbar2|thoracic10|thoracic7,LTpT_T7_r-P1|LTpT_T7_r-P2|LTpT_T7_r-P3|LTpT_T7_r-P4,True,,R/torso
242,LTpT_T8_r,LTpT_T8_r_tendon,torso,Muscle_Torso.xml,R,name,torso,L5_S1_FE|L5_S1_LB|L5_S1_AR|T12_L1_FE|T12_L1_LB|T12_L1_AR,sacrum|lumbar4|lumbar3|lumbar2|thoracic8,LTpT_T8_r-P1|LTpT_T8_r-P2|LTpT_T8_r-P3|LTpT_T8_r-P4|LTpT_T8_r-P5,True,,R/torso
243,LTpT_T9_r,LTpT_T9_r_tendon,torso,Muscle_Torso.xml,R,name,torso,L5_S1_FE|L5_S1_LB|L5_S1_AR|T12_L1_FE|T12_L1_LB|T12_L1_AR,sacrum|lumbar4|lumbar3|lumbar2|thoracic9,LTpT_T9_r-P1|LTpT_T9_r-P2|LTpT_T9_r-P3|LTpT_T9_r-P4|LTpT_T9_r-P5,True,,R/torso
244,LTpT_T10_r,LTpT_T10_r_tendon,torso,Muscle_Torso.xml,R,name,torso,L5_S1_FE|L5_S1_LB|L5_S1_AR|T12_L1_FE|T12_L1_LB|T12_L1_AR,sacrum|lumbar4|lumbar3|lumbar2|thoracic10,LTpT_T10_r-P1|LTpT_T10_r-P2|LTpT_T10_r-P3|LTpT_T10_r-P4|LTpT_T10_r-P5,True,,R/torso
245,LTpT_T11_r,LTpT_T11_r_tendon,torso,Muscle_Torso.xml,R,name,torso,L5_S1_FE|L5_S1_LB|L5_S1_AR|T12_L1_FE|T12_L1_LB|T12_L1_AR,sacrum|lumbar4|lumbar3|lumbar2|thoracic11,LTpT_T11_r-P1|LTpT_T11_r-P2|LTpT_T11_r-P3|LTpT_T11_r-P4|LTpT_T11_r-P5,True,,R/torso
246,LTpT_T12_r,LTpT_T12_r_tendon,torso,Muscle_Torso.xml,R,name,torso,L5_S1_FE|L5_S1_LB|L5_S1_AR|T12_L1_FE|T12_L1_LB|T12_L1_AR,sacrum|lumbar4|lumbar3|lumbar2|thoracic12,LTpT_T12_r-P1|LTpT_T12_r-P2|LTpT_T12_r-P3|LTpT_T12_r-P4|LTpT_T12_r-P5,True,,R/torso
247,LTpT_R4_r,LTpT_R4_r_tendon,torso,Muscle_Torso.xml,R,name,torso,T12_L1_FE|T12_L1_LB|T12_L1_AR,lumbar4|lumbar2|rib4_R|rib7_R|rib8_R|rib9_R|rib10_R,LTpT_R4_r-P1|LTpT_R4_r-P2|LTpT_R4_r-P3|LTpT_R4_r-P4|LTpT_R4_r-P5|LTpT_R4_r-P6|LTpT_R4_r-P7,True,,R/torso
248,LTpT_R5_r,LTpT_R5_r_tendon,torso,Muscle_Torso.xml,R,name,torso,T12_L1_FE|T12_L1_LB|T12_L1_AR,lumbar4|lumbar2|rib5_R|rib7_R|rib8_R|rib9_R|rib10_R,LTpT_R5_r-P1|LTpT_R5_r-P2|LTpT_R5_r-P3|LTpT_R5_r-P4|LTpT_R5_r-P5|LTpT_R5_r-P6|LTpT_R5_r-P7,True,,R/torso
249,LTpT_R6_r,LTpT_R6_r_tendon,torso,Muscle_Torso.xml,R,name,torso,T12_L1_FE|T12_L1_LB|T12_L1_AR,lumbar5|lumbar3|lumbar2|rib6_R|rib7_R|rib8_R|rib9_R|rib10_R,LTpT_R6_r-P1|LTpT_R6_r-P2|LTpT_R6_r-P3|LTpT_R6_r-P4|LTpT_R6_r-P5|LTpT_R6_r-P6|LTpT_R6_r-P7|LTpT_R6_r-P8,True,,R/torso
250,LTpT_R7_r,LTpT_R7_r_tendon,torso,Muscle_Torso.xml,R,name,torso,L5_S1_FE|L5_S1_LB|L5_S1_AR|T12_L1_FE|T12_L1_LB|T12_L1_AR,sacrum|lumbar4|lumbar3|lumbar2|rib7_R|rib8_R|rib9_R|rib10_R,LTpT_R7_r-P1|LTpT_R7_r-P2|LTpT_R7_r-P3|LTpT_R7_r-P4|LTpT_R7_r-P5|LTpT_R7_r-P6|LTpT_R7_r-P7|LTpT_R7_r-P8,True,,R/torso
251,LTpT_R8_r,LTpT_R8_r_tendon,torso,Muscle_Torso.xml,R,name,torso,L5_S1_FE|L5_S1_LB|L5_S1_AR|T12_L1_FE|T12_L1_LB|T12_L1_AR,sacrum|lumbar4|lumbar3|lumbar2|rib8_R|rib9_R|rib10_R,LTpT_R8_r-P1|LTpT_R8_r-P2|LTpT_R8_r-P3|LTpT_R8_r-P4|LTpT_R8_r-P5|LTpT_R8_r-P6|LTpT_R8_r-P7,True,,R/torso
252,LTpT_R9_r,LTpT_R9_r_tendon,torso,Muscle_Torso.xml,R,name,torso,L5_S1_FE|L5_S1_LB|L5_S1_AR|T12_L1_FE|T12_L1_LB|T12_L1_AR,sacrum|lumbar4|lumbar3|lumbar2|rib9_R|rib10_R,LTpT_R9_r-P1|LTpT_R9_r-P2|LTpT_R9_r-P3|LTpT_R9_r-P4|LTpT_R9_r-P5|LTpT_R9_r-P6,True,,R/torso
253,LTpT_R10_r,LTpT_R10_r_tendon,torso,Muscle_Torso.xml,R,name,torso,L5_S1_FE|L5_S1_LB|L5_S1_AR|T12_L1_FE|T12_L1_LB|T12_L1_AR,sacrum|lumbar4|lumbar3|lumbar2|rib10_R,LTpT_R10_r-P1|LTpT_R10_r-P2|LTpT_R10_r-P3|LTpT_R10_r-P4|LTpT_R10_r-P5,True,,R/torso
254,LTpT_R11_r,LTpT_R11_r_tendon,torso,Muscle_Torso.xml,R,name,torso,L5_S1_FE|L5_S1_LB|L5_S1_AR|T12_L1_FE|T12_L1_LB|T12_L1_AR,sacrum|lumbar4|lumbar3|lumbar2|rib11_R,LTpT_R11_r-P1|LTpT_R11_r-P2|LTpT_R11_r-P3|LTpT_R11_r-P4|LTpT_R11_r-P5,True,,R/torso
255,LTpT_R12_r,LTpT_R12_r_tendon,torso,Muscle_Torso.xml,R,name,torso,L5_S1_FE|L5_S1_LB|L5_S1_AR|T12_L1_FE|T12_L1_LB|T12_L1_AR,sacrum|lumbar4|lumbar3|lumbar2|rib12_R,LTpT_R12_r-P1|LTpT_R12_r-P2|LTpT_R12_r-P3|LTpT_R12_r-P4|LTpT_R12_r-P5,True,,R/torso
256,LTpL_L5_r,LTpL_L5_r_tendon,torso,Muscle_Torso.xml,R,name,torso,L5_S1_FE|L5_S1_LB|L5_S1_AR,sacrum|lumbar5,LTpL_L5_r-P1|LTpL_L5_r-P2,True,,R/torso
257,LTpL_L4_r,LTpL_L4_r_tendon,torso,Muscle_Torso.xml,R,name,torso,L5_S1_FE|L5_S1_LB|L5_S1_AR,pelvis|lumbar4,LTpL_L4_r-P1|LTpL_L4_r-P2,True,,R/torso
258,LTpL_L3_r,LTpL_L3_r_tendon,torso,Muscle_Torso.xml,R,name,torso,L5_S1_FE|L5_S1_LB|L5_S1_AR,pelvis|lumbar3,LTpL_L3_r-P1|LTpL_L3_r-P2,True,,R/torso
259,LTpL_L2_r,LTpL_L2_r_tendon,torso,Muscle_Torso.xml,R,name,torso,L5_S1_FE|L5_S1_LB|L5_S1_AR,pelvis|lumbar2,LTpL_L2_r-P1|LTpL_L2_r-P2,True,,R/torso
260,LTpL_L1_r,LTpL_L1_r_tendon,torso,Muscle_Torso.xml,R,name,torso,L5_S1_FE|L5_S1_LB|L5_S1_AR,pelvis|lumbar1,LTpL_L1_r-P1|LTpL_L1_r-P2,True,,R/torso
261,QL_post_I_1-L3_r,QL_post_I_1-L3_r_tendon,torso,Muscle_Torso.xml,R,name,torso,L5_S1_FE|L5_S1_LB|L5_S1_AR,pelvis|lumbar3,QL_post_I_1-L3_r-P1|QL_post_I_1-L3_r-P2,True,,R/torso
262,QL_post_I_2-L4_r,QL_post_I_2-L4_r_tendon,torso,Muscle_Torso.xml,R,name,torso,L5_S1_FE|L5_S1_LB|L5_S1_AR,pelvis|lumbar4,QL_post_I_2-L4_r-P1|QL_post_I_2-L4_r-P2,True,,R/torso
263,QL_post_I_2-L3_r,QL_post_I_2-L3_r_tendon,torso,Muscle_Torso.xml,R,name,torso,L5_S1_FE|L5_S1_LB|L5_S1_AR,pelvis|lumbar3,QL_post_I_2-L3_r-P1|QL_post_I_2-L3_r-P2,True,,R/torso
264,QL_post_I_2-L2_r,QL_post_I_2-L2_r_tendon,torso,Muscle_Torso.xml,R,name,torso,L5_S1_FE|L5_S1_LB|L5_S1_AR,pelvis|lumbar2,QL_post_I_2-L2_r-P1|QL_post_I_2-L2_r-P2,True,,R/torso
265,QL_post_I_3-L1_r,QL_post_I_3-L1_r_tendon,torso,Muscle_Torso.xml,R,name,torso,L5_S1_FE|L5_S1_LB|L5_S1_AR,pelvis|lumbar1,QL_post_I_3-L1_r-P1|QL_post_I_3-L1_r-P2,True,,R/torso
266,QL_post_I_3-L2_r,QL_post_I_3-L2_r_tendon,torso,Muscle_Torso.xml,R,name,torso,L5_S1_FE|L5_S1_LB|L5_S1_AR,pelvis|lumbar2,QL_post_I_3-L2_r-P1|QL_post_I_3-L2_r-P2,True,,R/torso
267,QL_post_I_3-L3_r,QL_post_I_3-L3_r_tendon,torso,Muscle_Torso.xml,R,name,torso,L5_S1_FE|L5_S1_LB|L5_S1_AR,pelvis|lumbar3,QL_post_I_3-L3_r-P1|QL_post_I_3-L3_r-P2,True,,R/torso
268,QL_mid_L3-12_3_r,QL_mid_L3-12_3_r_tendon,torso,Muscle_Torso.xml,R,name,torso,T12_L1_FE|T12_L1_LB|T12_L1_AR,lumbar3|rib12_R,QL_mid_L3-12_3_r-P1|QL_mid_L3-12_3_r-P2,True,,R/torso
269,QL_mid_L3-12_2_r,QL_mid_L3-12_2_r_tendon,torso,Muscle_Torso.xml,R,name,torso,T12_L1_FE|T12_L1_LB|T12_L1_AR,lumbar3|rib12_R,QL_mid_L3-12_2_r-P1|QL_mid_L3-12_2_r-P2,True,,R/torso
270,QL_mid_L3-12_1_r,QL_mid_L3-12_1_r_tendon,torso,Muscle_Torso.xml,R,name,torso,T12_L1_FE|T12_L1_LB|T12_L1_AR,lumbar3|rib12_R,QL_mid_L3-12_1_r-P1|QL_mid_L3-12_1_r-P2,True,,R/torso
271,QL_mid_L2-12_1_r,QL_mid_L2-12_1_r_tendon,torso,Muscle_Torso.xml,R,name,torso,T12_L1_FE|T12_L1_LB|T12_L1_AR,lumbar2|rib12_R,QL_mid_L2-12_1_r-P1|QL_mid_L2-12_1_r-P2,True,,R/torso
272,QL_mid_L4-12_3_r,QL_mid_L4-12_3_r_tendon,torso,Muscle_Torso.xml,R,name,torso,T12_L1_FE|T12_L1_LB|T12_L1_AR,lumbar4|rib12_R,QL_mid_L4-12_3_r-P1|QL_mid_L4-12_3_r-P2,True,,R/torso
273,QL_ant_I_2-T12_r,QL_ant_I_2-T12_r_tendon,torso,Muscle_Torso.xml,R,name,torso,L5_S1_FE|L5_S1_LB|L5_S1_AR|T12_L1_FE|T12_L1_LB|T12_L1_AR,pelvis|thoracic12,QL_ant_I_2-T12_r-P1|QL_ant_I_2-T12_r-P2,True,,R/torso
274,QL_ant_I_3-T12_r,QL_ant_I_3-T12_r_tendon,torso,Muscle_Torso.xml,R,name,torso,L5_S1_FE|L5_S1_LB|L5_S1_AR|T12_L1_FE|T12_L1_LB|T12_L1_AR,pelvis|thoracic12,QL_ant_I_3-T12_r-P1|QL_ant_I_3-T12_r-P2,True,,R/torso
275,QL_ant_I_2-12_1_r,QL_ant_I_2-12_1_r_tendon,torso,Muscle_Torso.xml,R,name,torso,L5_S1_FE|L5_S1_LB|L5_S1_AR|T12_L1_FE|T12_L1_LB|T12_L1_AR,pelvis|rib12_R,QL_ant_I_2-12_1_r-P1|QL_ant_I_2-12_1_r-P2,True,,R/torso
276,QL_ant_I_3-12_1_r,QL_ant_I_3-12_1_r_tendon,torso,Muscle_Torso.xml,R,name,torso,L5_S1_FE|L5_S1_LB|L5_S1_AR|T12_L1_FE|T12_L1_LB|T12_L1_AR,pelvis|rib12_R,QL_ant_I_3-12_1_r-P1|QL_ant_I_3-12_1_r-P2,True,,R/torso
277,QL_ant_I_3-12_2_r,QL_ant_I_3-12_2_r_tendon,torso,Muscle_Torso.xml,R,name,torso,L5_S1_FE|L5_S1_LB|L5_S1_AR|T12_L1_FE|T12_L1_LB|T12_L1_AR,pelvis|rib12_R,QL_ant_I_3-12_2_r-P1|QL_ant_I_3-12_2_r-P2,True,,R/torso
278,QL_ant_I_3-12_3_r,QL_ant_I_3-12_3_r_tendon,torso,Muscle_Torso.xml,R,name,torso,L5_S1_FE|L5_S1_LB|L5_S1_AR|T12_L1_FE|T12_L1_LB|T12_L1_AR,pelvis|rib12_R,QL_ant_I_3-12_3_r-P1|QL_ant_I_3-12_3_r-P2,True,,R/torso
279,MF_m1s_r,MF_m1s_r_tendon,torso,Muscle_Torso.xml,R,name,,,lumbar4|lumbar1,MF_m1s_r-P1|MF_m1s_r-P2,True,未跨越可动关节（该体段在此模型中为刚性连接）,R/torso
280,MF_m1t_1_r,MF_m1t_1_r_tendon,torso,Muscle_Torso.xml,R,name,,,lumbar5|lumbar1,MF_m1t_1_r-P1|MF_m1t_1_r-P2,True,未跨越可动关节（该体段在此模型中为刚性连接）,R/torso
281,MF_m1t_2_r,MF_m1t_2_r_tendon,torso,Muscle_Torso.xml,R,name,torso,L5_S1_FE|L5_S1_LB|L5_S1_AR,sacrum|lumbar1,MF_m1t_2_r-P1|MF_m1t_2_r-P2,True,,R/torso
282,MF_m1t_3_r,MF_m1t_3_r_tendon,torso,Muscle_Torso.xml,R,name,torso,L5_S1_FE|L5_S1_LB|L5_S1_AR,pelvis|lumbar1,MF_m1t_3_r-P1|MF_m1t_3_r-P2,True,,R/torso
283,MF_m2s_r,MF_m2s_r_tendon,torso,Muscle_Torso.xml,R,name,,,lumbar5|lumbar2,MF_m2s_r-P1|MF_m2s_r-P2,True,未跨越可动关节（该体段在此模型中为刚性连接）,R/torso
284,MF_m2t_1_r,MF_m2t_1_r_tendon,torso,Muscle_Torso.xml,R,name,torso,L5_S1_FE|L5_S1_LB|L5_S1_AR,sacrum|lumbar2,MF_m2t_1_r-P1|MF_m2t_1_r-P2,True,,R/torso
285,MF_m2t_2_r,MF_m2t_2_r_tendon,torso,Muscle_Torso.xml,R,name,torso,L5_S1_FE|L5_S1_LB|L5_S1_AR,pelvis|lumbar2,MF_m2t_2_r-P1|MF_m2t_2_r-P2,True,,R/torso
286,MF_m2t_3_r,MF_m2t_3_r_tendon,torso,Muscle_Torso.xml,R,name,torso,L5_S1_FE|L5_S1_LB|L5_S1_AR,pelvis|lumbar2,MF_m2t_3_r-P1|MF_m2t_3_r-P2,True,,R/torso
287,MF_m3s_r,MF_m3s_r_tendon,torso,Muscle_Torso.xml,R,name,torso,L5_S1_FE|L5_S1_LB|L5_S1_AR,sacrum|lumbar3,MF_m3s_r-P1|MF_m3s_r-P2,True,,R/torso
288,MF_m3t_1_r,MF_m3t_1_r_tendon,torso,Muscle_Torso.xml,R,name,torso,L5_S1_FE|L5_S1_LB|L5_S1_AR,pelvis|lumbar3,MF_m3t_1_r-P1|MF_m3t_1_r-P2,True,,R/torso
289,MF_m3t_2_r,MF_m3t_2_r_tendon,torso,Muscle_Torso.xml,R,name,torso,L5_S1_FE|L5_S1_LB|L5_S1_AR,pelvis|lumbar3,MF_m3t_2_r-P1|MF_m3t_2_r-P2,True,,R/torso
290,MF_m3t_3_r,MF_m3t_3_r_tendon,torso,Muscle_Torso.xml,R,name,torso,L5_S1_FE|L5_S1_LB|L5_S1_AR,pelvis|lumbar3,MF_m3t_3_r-P1|MF_m3t_3_r-P2,True,,R/torso
291,MF_m4s_r,MF_m4s_r_tendon,torso,Muscle_Torso.xml,R,name,torso,L5_S1_FE|L5_S1_LB|L5_S1_AR,sacrum|lumbar4,MF_m4s_r-P1|MF_m4s_r-P2,True,,R/torso
292,MF_m4t_1_r,MF_m4t_1_r_tendon,torso,Muscle_Torso.xml,R,name,torso,L5_S1_FE|L5_S1_LB|L5_S1_AR,sacrum|lumbar4,MF_m4t_1_r-P1|MF_m4t_1_r-P2,True,,R/torso
293,MF_m4t_2_r,MF_m4t_2_r_tendon,torso,Muscle_Torso.xml,R,name,torso,L5_S1_FE|L5_S1_LB|L5_S1_AR,pelvis|lumbar4,MF_m4t_2_r-P1|MF_m4t_2_r-P2,True,,R/torso
294,MF_m4t_3_r,MF_m4t_3_r_tendon,torso,Muscle_Torso.xml,R,name,torso,L5_S1_FE|L5_S1_LB|L5_S1_AR,pelvis|lumbar4,MF_m4t_3_r-P1|MF_m4t_3_r-P2,True,,R/torso
295,MF_m5s_r,MF_m5s_r_tendon,torso,Muscle_Torso.xml,R,name,torso,L5_S1_FE|L5_S1_LB|L5_S1_AR,sacrum|lumbar5,MF_m5s_r-P1|MF_m5s_r-P2,True,,R/torso
296,MF_m5t_1_r,MF_m5t_1_r_tendon,torso,Muscle_Torso.xml,R,name,torso,L5_S1_FE|L5_S1_LB|L5_S1_AR,sacrum|lumbar5,MF_m5t_1_r-P1|MF_m5t_1_r-P2,True,,R/torso
297,MF_m5t_2_r,MF_m5t_2_r_tendon,torso,Muscle_Torso.xml,R,name,torso,L5_S1_FE|L5_S1_LB|L5_S1_AR,sacrum|lumbar5,MF_m5t_2_r-P1|MF_m5t_2_r-P2,True,,R/torso
298,MF_m5t_3_r,MF_m5t_3_r_tendon,torso,Muscle_Torso.xml,R,name,torso,L5_S1_FE|L5_S1_LB|L5_S1_AR,sacrum|lumbar5,MF_m5t_3_r-P1|MF_m5t_3_r-P2,True,,R/torso
299,MF_m1_laminar_r,MF_m1_laminar_r_tendon,torso,Muscle_Torso.xml,R,name,,,lumbar3|lumbar1,MF_m1_laminar_r-P1|MF_m1_laminar_r-P2,True,未跨越可动关节（该体段在此模型中为刚性连接）,R/torso
300,MF_m2_laminar_r,MF_m2_laminar_r_tendon,torso,Muscle_Torso.xml,R,name,,,lumbar4|lumbar2,MF_m2_laminar_r-P1|MF_m2_laminar_r-P2,True,未跨越可动关节（该体段在此模型中为刚性连接）,R/torso
301,MF_m3_laminar_r,MF_m3_laminar_r_tendon,torso,Muscle_Torso.xml,R,name,,,lumbar5|lumbar3,MF_m3_laminar_r-P1|MF_m3_laminar_r-P2,True,未跨越可动关节（该体段在此模型中为刚性连接）,R/torso
302,MF_m4_laminar_r,MF_m4_laminar_r_tendon,torso,Muscle_Torso.xml,R,name,torso,L5_S1_FE|L5_S1_LB|L5_S1_AR,sacrum|lumbar4,MF_m4_laminar_r-P1|MF_m4_laminar_r-P2,True,,R/torso
303,MF_m5_laminar_r,MF_m5_laminar_r_tendon,torso,Muscle_Torso.xml,R,name,torso,L5_S1_FE|L5_S1_LB|L5_S1_AR,pelvis|lumbar5,MF_m5_laminar_r-P1|MF_m5_laminar_r-P2,True,,R/torso
304,EO_R5_r,EO_R5_r_tendon,torso,Muscle_Torso.xml,R,name,torso,L5_S1_FE|L5_S1_LB|L5_S1_AR|T12_L1_FE|T12_L1_LB|T12_L1_AR,Abdomen|rib5_R,EO_R5_r-P1|EO_R5_r-P2,True,,R/torso
305,EO_R6_r,EO_R6_r_tendon,torso,Muscle_Torso.xml,R,name,torso,L5_S1_FE|L5_S1_LB|L5_S1_AR|T12_L1_FE|T12_L1_LB|T12_L1_AR,Abdomen|rib6_R,EO_R6_r-P1|EO_R6_r-P2,True,,R/torso
306,EO_R7_r,EO_R7_r_tendon,torso,Muscle_Torso.xml,R,name,torso,L5_S1_FE|L5_S1_LB|L5_S1_AR|T12_L1_FE|T12_L1_LB|T12_L1_AR,Abdomen|rib7_R,EO_R7_r-P1|EO_R7_r-P2,True,,R/torso
307,EO_R8_r,EO_R8_r_tendon,torso,Muscle_Torso.xml,R,name,torso,L5_S1_FE|L5_S1_LB|L5_S1_AR|T12_L1_FE|T12_L1_LB|T12_L1_AR,Abdomen|rib8_R,EO_R8_r-P1|EO_R8_r-P2,True,,R/torso
308,EO_R9_r,EO_R9_r_tendon,torso,Muscle_Torso.xml,R,name,torso,L5_S1_FE|L5_S1_LB|L5_S1_AR|T12_L1_FE|T12_L1_LB|T12_L1_AR,Abdomen|rib9_R,EO_R9_r-P1|EO_R9_r-P2,True,,R/torso
309,EO_R10_r,EO_R10_r_tendon,torso,Muscle_Torso.xml,R,name,torso,L5_S1_FE|L5_S1_LB|L5_S1_AR|T12_L1_FE|T12_L1_LB|T12_L1_AR,pelvis|rib10_R,EO_R10_r-P1|EO_R10_r-P2,True,,R/torso
310,EO_R11_r,EO_R11_r_tendon,torso,Muscle_Torso.xml,R,name,torso,L5_S1_FE|L5_S1_LB|L5_S1_AR|T12_L1_FE|T12_L1_LB|T12_L1_AR,pelvis|rib11_R,EO_R11_r-P1|EO_R11_r-P2,True,,R/torso
311,EO_R12_r,EO_R12_r_tendon,torso,Muscle_Torso.xml,R,name,torso,L5_S1_FE|L5_S1_LB|L5_S1_AR|T12_L1_FE|T12_L1_LB|T12_L1_AR,pelvis|rib12_R,EO_R12_r-P1|EO_R12_r-P2,True,,R/torso
312,IO1_r,IO1_r_tendon,torso,Muscle_Torso.xml,R,name,,,pelvis|Abdomen,IO1_r-P1|IO1_r-P2,True,未跨越可动关节（该体段在此模型中为刚性连接）,R/torso
313,IO2_r,IO2_r_tendon,torso,Muscle_Torso.xml,R,name,,,pelvis|Abdomen,IO2_r-P1|IO2_r-P2,True,未跨越可动关节（该体段在此模型中为刚性连接）,R/torso
314,IO3_r,IO3_r_tendon,torso,Muscle_Torso.xml,R,name,,,pelvis|Abdomen,IO3_r-P1|IO3_r-P2,True,未跨越可动关节（该体段在此模型中为刚性连接）,R/torso
315,IO4_r,IO4_r_tendon,torso,Muscle_Torso.xml,R,name,torso,L5_S1_FE|L5_S1_LB|L5_S1_AR|T12_L1_FE|T12_L1_LB|T12_L1_AR,pelvis|rib9_R,IO4_r-P1|IO4_r-P2,True,,R/torso
316,IO5_r,IO5_r_tendon,torso,Muscle_Torso.xml,R,name,torso,L5_S1_FE|L5_S1_LB|L5_S1_AR|T12_L1_FE|T12_L1_LB|T12_L1_AR,pelvis|rib10_R,IO5_r-P1|IO5_r-P2,True,,R/torso
317,IO6_r,IO6_r_tendon,torso,Muscle_Torso.xml,R,name,torso,L5_S1_FE|L5_S1_LB|L5_S1_AR|T12_L1_FE|T12_L1_LB|T12_L1_AR,pelvis|rib11_R,IO6_r-P1|IO6_r-P2,True,,R/torso
318,stern_mast,stern_mast_tendon,torso,Muscle_Torso.xml,M,midline,torso,T1_head_neck_FE|T1_head_neck_LB|T1_head_neck_AR,head_neck|sternum,stern_mast-P1|stern_mast-P2,True,,M/torso
319,cleid_mast,cleid_mast_tendon,torso,Muscle_Torso.xml,R,geom,upper|torso,T1_head_neck_FE|T1_head_neck_LB|T1_head_neck_AR|sternoclavicular_r2_r|sternoclavicular_r3_r,head_neck|clavicle_r,cleid_mast-P1|cleid_mast-P2,True,额外跨越 ['upper'],R/torso
320,cleid_occ,cleid_occ_tendon,torso,Muscle_Torso.xml,R,geom,upper|torso,T1_head_neck_FE|T1_head_neck_LB|T1_head_neck_AR|sternoclavicular_r2_r|sternoclavicular_r3_r,head_neck|clavicle_r,cleid_occ-P1|cleid_occ-P2,True,额外跨越 ['upper'],R/torso
321,scalenus_ant,scalenus_ant_tendon,torso,Muscle_Torso.xml,R,geom,torso,T1_head_neck_FE|T1_head_neck_LB|T1_head_neck_AR,head_neck|rib1_R,scalenus_ant-P1|scalenus_ant-P2,True,,R/torso
322,scalenus_med,scalenus_med_tendon,torso,Muscle_Torso.xml,R,geom,torso,T1_head_neck_FE|T1_head_neck_LB|T1_head_neck_AR,head_neck|rib1_R,scalenus_med-P1|scalenus_med-P2,True,,R/torso
323,scalenus_post,scalenus_post_tendon,torso,Muscle_Torso.xml,R,geom,torso,T1_head_neck_FE|T1_head_neck_LB|T1_head_neck_AR,head_neck|rib2_R,scalenus_post-P1|scalenus_post-P2,True,,R/torso
324,long_col_c1thx,long_col_c1thx_tendon,torso,Muscle_Torso.xml,M,midline,torso,T1_head_neck_FE|T1_head_neck_LB|T1_head_neck_AR,thoracic3|head_neck,long_col_c1thx-P1|long_col_c1thx-P2|long_col_c1thx-P3|long_col_c1thx-P4|long_col_c1thx-P5|long_col_c1thx-P6|long_col_c1thx-P7|long_col_c1thx-P8,True,,M/torso
325,long_col_c5thx,long_col_c5thx_tendon,torso,Muscle_Torso.xml,M,midline,torso,T1_head_neck_FE|T1_head_neck_LB|T1_head_neck_AR,thoracic3|thoracic2|thoracic1|head_neck,long_col_c5thx-P1|long_col_c5thx-P2|long_col_c5thx-P3|long_col_c5thx-P4|long_col_c5thx-P5|long_col_c5thx-P6|long_col_c5thx-P7|long_col_c5thx-P8,True,,M/torso
326,trap_cl,trap_cl_tendon,torso,Muscle_Torso.xml,R,geom,upper|torso,T1_head_neck_FE|T1_head_neck_LB|T1_head_neck_AR|sternoclavicular_r2_r|sternoclavicular_r3_r,head_neck|clavicle_r,trap_cl-P1|trap_cl-P2,True,额外跨越 ['upper'],R/torso
327,trap_acr_scap,trap_acr_scap_tendon,torso,Muscle_Torso.xml,R,geom,upper|torso,T1_head_neck_FE|T1_head_neck_LB|T1_head_neck_AR|sternoclavicular_r2_r|sternoclavicular_r3_r|unrotscap_r3_r|unrotscap_r2_r|acromioclavicular_r2_r|acromioclavicular_r3_r|acromioclavicular_r1_r,head_neck|scapula_r,trap_acr_scap-P1|trap_acr_scap-P2,True,额外跨越 ['upper'],R/torso
328,trap_acr_T1,trap_acr_T1_tendon,torso,Muscle_Torso.xml,R,geom,upper,sternoclavicular_r2_r|sternoclavicular_r3_r|unrotscap_r3_r|unrotscap_r2_r|acromioclavicular_r2_r|acromioclavicular_r3_r|acromioclavicular_r1_r,thoracic1|scapula_r,trap_acr_T1-P1|trap_acr_T1-P2|trap_acr_T1-P3,False,跨关节(['upper']) 不含权威分组 torso,R/torso
329,trap_acr_T2,trap_acr_T2_tendon,torso,Muscle_Torso.xml,R,geom,upper,sternoclavicular_r2_r|sternoclavicular_r3_r|unrotscap_r3_r|unrotscap_r2_r|acromioclavicular_r2_r|acromioclavicular_r3_r|acromioclavicular_r1_r,thoracic2|scapula_r,trap_acr_T2-P1|trap_acr_T2-P2|trap_acr_T2-P3,False,跨关节(['upper']) 不含权威分组 torso,R/torso
330,trap_acr_T3,trap_acr_T3_tendon,torso,Muscle_Torso.xml,R,geom,upper,sternoclavicular_r2_r|sternoclavicular_r3_r|unrotscap_r3_r|unrotscap_r2_r|acromioclavicular_r2_r|acromioclavicular_r3_r|acromioclavicular_r1_r,thoracic3|scapula_r,trap_acr_T3-P1|trap_acr_T3-P2|trap_acr_T3-P3,False,跨关节(['upper']) 不含权威分组 torso,R/torso
331,trap_inf_T4,trap_inf_T4_tendon,torso,Muscle_Torso.xml,R,geom,upper,sternoclavicular_r2_r|sternoclavicular_r3_r|unrotscap_r3_r|unrotscap_r2_r|acromioclavicular_r2_r|acromioclavicular_r3_r|acromioclavicular_r1_r,thoracic4|scapula_r,trap_inf_T4-P1|trap_inf_T4-P2|trap_inf_T4-P3,False,跨关节(['upper']) 不含权威分组 torso,R/torso
332,trap_inf_T5,trap_inf_T5_tendon,torso,Muscle_Torso.xml,R,geom,upper,sternoclavicular_r2_r|sternoclavicular_r3_r|unrotscap_r3_r|unrotscap_r2_r|acromioclavicular_r2_r|acromioclavicular_r3_r|acromioclavicular_r1_r,thoracic5|scapula_r,trap_inf_T5-P1|trap_inf_T5-P2|trap_inf_T5-P3,False,跨关节(['upper']) 不含权威分组 torso,R/torso
333,trap_inf_T6,trap_inf_T6_tendon,torso,Muscle_Torso.xml,R,geom,upper,sternoclavicular_r2_r|sternoclavicular_r3_r|unrotscap_r3_r|unrotscap_r2_r|acromioclavicular_r2_r|acromioclavicular_r3_r|acromioclavicular_r1_r,thoracic6|scapula_r,trap_inf_T6-P1|trap_inf_T6-P2|trap_inf_T6-P3,False,跨关节(['upper']) 不含权威分组 torso,R/torso
334,trap_inf_T7,trap_inf_T7_tendon,torso,Muscle_Torso.xml,R,geom,upper,sternoclavicular_r2_r|sternoclavicular_r3_r|unrotscap_r3_r|unrotscap_r2_r|acromioclavicular_r2_r|acromioclavicular_r3_r|acromioclavicular_r1_r,thoracic7|scapula_r,trap_inf_T7-P1|trap_inf_T7-P2|trap_inf_T7-P3,False,跨关节(['upper']) 不含权威分组 torso,R/torso
335,trap_inf_T8,trap_inf_T8_tendon,torso,Muscle_Torso.xml,R,geom,upper,sternoclavicular_r2_r|sternoclavicular_r3_r|unrotscap_r3_r|unrotscap_r2_r|acromioclavicular_r2_r|acromioclavicular_r3_r|acromioclavicular_r1_r,thoracic8|scapula_r,trap_inf_T8-P1|trap_inf_T8-P2|trap_inf_T8-P3,False,跨关节(['upper']) 不含权威分组 torso,R/torso
336,trap_inf_T9,trap_inf_T9_tendon,torso,Muscle_Torso.xml,R,geom,upper,sternoclavicular_r2_r|sternoclavicular_r3_r|unrotscap_r3_r|unrotscap_r2_r|acromioclavicular_r2_r|acromioclavicular_r3_r|acromioclavicular_r1_r,thoracic9|scapula_r,trap_inf_T9-P1|trap_inf_T9-P2|trap_inf_T9-P3,False,跨关节(['upper']) 不含权威分组 torso,R/torso
337,trap_inf_T10,trap_inf_T10_tendon,torso,Muscle_Torso.xml,R,geom,upper,sternoclavicular_r2_r|sternoclavicular_r3_r|unrotscap_r3_r|unrotscap_r2_r|acromioclavicular_r2_r|acromioclavicular_r3_r|acromioclavicular_r1_r,thoracic10|scapula_r|rib8_R,trap_inf_T10-P1|trap_inf_T10-P2|trap_inf_T10-P3|trap_inf_T10-P4,False,跨关节(['upper']) 不含权威分组 torso,R/torso
338,trap_inf_T11,trap_inf_T11_tendon,torso,Muscle_Torso.xml,R,geom,upper,sternoclavicular_r2_r|sternoclavicular_r3_r|unrotscap_r3_r|unrotscap_r2_r|acromioclavicular_r2_r|acromioclavicular_r3_r|acromioclavicular_r1_r,thoracic11|scapula_r|rib8_R|rib9_R,trap_inf_T11-P1|trap_inf_T11-P2|trap_inf_T11-P3|trap_inf_T11-P4|trap_inf_T11-P5,False,跨关节(['upper']) 不含权威分组 torso,R/torso
339,trap_inf_T12,trap_inf_T12_tendon,torso,Muscle_Torso.xml,R,geom,upper,sternoclavicular_r2_r|sternoclavicular_r3_r|unrotscap_r3_r|unrotscap_r2_r|acromioclavicular_r2_r|acromioclavicular_r3_r|acromioclavicular_r1_r,thoracic12|scapula_r|rib8_R|rib9_R|rib10_R,trap_inf_T12-P1|trap_inf_T12-P2|trap_inf_T12-P3|trap_inf_T12-P4|trap_inf_T12-P5|trap_inf_T12-P6,False,跨关节(['upper']) 不含权威分组 torso,R/torso
340,splen_cap_skl_T1,splen_cap_skl_T1_tendon,torso,Muscle_Torso.xml,M,midline,torso,T1_head_neck_FE|T1_head_neck_LB|T1_head_neck_AR,thoracic1|head_neck,splen_cap_skl_T1-P1|splen_cap_skl_T1-P2,True,,M/torso
341,splen_cap_skl_T2,splen_cap_skl_T2_tendon,torso,Muscle_Torso.xml,M,midline,torso,T1_head_neck_FE|T1_head_neck_LB|T1_head_neck_AR,thoracic2|head_neck,splen_cap_skl_T2-P1|splen_cap_skl_T2-P2,True,,M/torso
342,splen_cerv_c3_T3,splen_cerv_c3_T3_tendon,torso,Muscle_Torso.xml,M,midline,torso,T1_head_neck_FE|T1_head_neck_LB|T1_head_neck_AR,thoracic3|head_neck,splen_cerv_c3_T3-P1|splen_cerv_c3_T3-P2,True,,M/torso
343,splen_cerv_c3_T4,splen_cerv_c3_T4_tendon,torso,Muscle_Torso.xml,M,midline,torso,T1_head_neck_FE|T1_head_neck_LB|T1_head_neck_AR,thoracic4|head_neck,splen_cerv_c3_T4-P1|splen_cerv_c3_T4-P2,True,,M/torso
344,splen_cerv_c3_T5,splen_cerv_c3_T5_tendon,torso,Muscle_Torso.xml,M,midline,torso,T1_head_neck_FE|T1_head_neck_LB|T1_head_neck_AR,thoracic5|head_neck,splen_cerv_c3_T5-P1|splen_cerv_c3_T5-P2,True,,M/torso
345,splen_cerv_c3_T6,splen_cerv_c3_T6_tendon,torso,Muscle_Torso.xml,M,midline,torso,T1_head_neck_FE|T1_head_neck_LB|T1_head_neck_AR,thoracic6|head_neck,splen_cerv_c3_T6-P1|splen_cerv_c3_T6-P2,True,,M/torso
346,semi_cap_sklthx,semi_cap_sklthx_tendon,torso,Muscle_Torso.xml,M,midline,torso,T1_head_neck_FE|T1_head_neck_LB|T1_head_neck_AR,thoracic1|head_neck,semi_cap_sklthx-P1|semi_cap_sklthx-P2,True,,M/torso
347,semi_cerv_c3thx,semi_cerv_c3thx_tendon,torso,Muscle_Torso.xml,M,midline,torso,T1_head_neck_FE|T1_head_neck_LB|T1_head_neck_AR,thoracic2|head_neck,semi_cerv_c3thx-P1|semi_cerv_c3thx-P2,True,,M/torso
348,levator_scap,levator_scap_tendon,torso,Muscle_Torso.xml,R,geom,upper|torso,T1_head_neck_FE|T1_head_neck_LB|T1_head_neck_AR|sternoclavicular_r2_r|sternoclavicular_r3_r|unrotscap_r3_r|unrotscap_r2_r|acromioclavicular_r2_r|acromioclavicular_r3_r|acromioclavicular_r1_r,head_neck|scapula_r,levator_scap-P1|levator_scap-P2,True,额外跨越 ['upper'],R/torso
349,longissi_cerv_c4thx,longissi_cerv_c4thx_tendon,torso,Muscle_Torso.xml,M,midline,torso,T1_head_neck_FE|T1_head_neck_LB|T1_head_neck_AR,thoracic5|thoracic4|thoracic3|thoracic1|head_neck,longissi_cerv_c4thx-P1|longissi_cerv_c4thx-P2|longissi_cerv_c4thx-P3|longissi_cerv_c4thx-P4|longissi_cerv_c4thx-P5,True,,M/torso
350,iliocost_cerv_c5rib,iliocost_cerv_c5rib_tendon,torso,Muscle_Torso.xml,R,geom,torso,T1_head_neck_FE|T1_head_neck_LB|T1_head_neck_AR,thoracic1|head_neck|rib3_R,iliocost_cerv_c5rib-P1|iliocost_cerv_c5rib-P2|iliocost_cerv_c5rib-P3,True,,R/torso
351,supmult-T1-C4,supmult-T1-C4_tendon,torso,Muscle_Torso.xml,M,midline,torso,T1_head_neck_FE|T1_head_neck_LB|T1_head_neck_AR,thoracic1|head_neck,supmult-T1-C4-P1|supmult-T1-C4-P2,True,,M/torso
352,supmult-T1-C5,supmult-T1-C5_tendon,torso,Muscle_Torso.xml,M,midline,torso,T1_head_neck_FE|T1_head_neck_LB|T1_head_neck_AR,thoracic1|head_neck,supmult-T1-C5-P1|supmult-T1-C5-P2,True,,M/torso
353,supmult-T2-C6,supmult-T2-C6_tendon,torso,Muscle_Torso.xml,M,midline,torso,T1_head_neck_FE|T1_head_neck_LB|T1_head_neck_AR,thoracic2|head_neck,supmult-T2-C6-P1|supmult-T2-C6-P2,True,,M/torso
354,deepmult-T1-C5,deepmult-T1-C5_tendon,torso,Muscle_Torso.xml,M,midline,torso,T1_head_neck_FE|T1_head_neck_LB|T1_head_neck_AR,thoracic1|head_neck,deepmult-T1-C5-P1|deepmult-T1-C5-P2,True,,M/torso
355,deepmult-T1-C6,deepmult-T1-C6_tendon,torso,Muscle_Torso.xml,M,midline,torso,T1_head_neck_FE|T1_head_neck_LB|T1_head_neck_AR,thoracic1|head_neck,deepmult-T1-C6-P1|deepmult-T1-C6-P2,True,,M/torso
356,deepmult-T2-C7,deepmult-T2-C7_tendon,torso,Muscle_Torso.xml,M,midline,torso,T1_head_neck_FE|T1_head_neck_LB|T1_head_neck_AR,thoracic2|head_neck,deepmult-T2-C7-P1|deepmult-T2-C7-P2,True,,M/torso
357,deepmult-T2-T1,deepmult-T2-T1_tendon,torso,Muscle_Torso.xml,M,midline,,,thoracic2|thoracic1,deepmult-T2-T1-P1|deepmult-T2-T1-P2,True,未跨越可动关节（该体段在此模型中为刚性连接）,M/torso
358,multifidus_L2_T12,multifidus_L2_T12_tendon,torso,Muscle_Torso.xml,M,midline,torso,T12_L1_FE|T12_L1_LB|T12_L1_AR,lumbar2|thoracic12,multifidus_L2_T12-P1|multifidus_L2_T12-P2,True,,M/torso
359,multifidus_L1_T11,multifidus_L1_T11_tendon,torso,Muscle_Torso.xml,M,midline,torso,T12_L1_FE|T12_L1_LB|T12_L1_AR,lumbar1|thoracic11,multifidus_L1_T11-P1|multifidus_L1_T11-P2,True,,M/torso
360,multifidus_T12_T10,multifidus_T12_T10_tendon,torso,Muscle_Torso.xml,M,midline,,,thoracic12|thoracic10,multifidus_T12_T10-P1|multifidus_T12_T10-P2,True,未跨越可动关节（该体段在此模型中为刚性连接）,M/torso
361,multifidus_T11_T9,multifidus_T11_T9_tendon,torso,Muscle_Torso.xml,M,midline,,,thoracic11|thoracic9,multifidus_T11_T9-P1|multifidus_T11_T9-P2,True,未跨越可动关节（该体段在此模型中为刚性连接）,M/torso
362,multifidus_T10_T8,multifidus_T10_T8_tendon,torso,Muscle_Torso.xml,M,midline,,,thoracic10|thoracic8,multifidus_T10_T8-P1|multifidus_T10_T8-P2,True,未跨越可动关节（该体段在此模型中为刚性连接）,M/torso
363,multifidus_T9_T7,multifidus_T9_T7_tendon,torso,Muscle_Torso.xml,M,midline,,,thoracic9|thoracic7,multifidus_T9_T7-P1|multifidus_T9_T7-P2,True,未跨越可动关节（该体段在此模型中为刚性连接）,M/torso
364,multifidus_T8_T6,multifidus_T8_T6_tendon,torso,Muscle_Torso.xml,M,midline,,,thoracic8|thoracic6,multifidus_T8_T6-P1|multifidus_T8_T6-P2,True,未跨越可动关节（该体段在此模型中为刚性连接）,M/torso
365,multifidus_T7_T5,multifidus_T7_T5_tendon,torso,Muscle_Torso.xml,M,midline,,,thoracic7|thoracic5,multifidus_T7_T5-P1|multifidus_T7_T5-P2,True,未跨越可动关节（该体段在此模型中为刚性连接）,M/torso
366,multifidus_T6_T4,multifidus_T6_T4_tendon,torso,Muscle_Torso.xml,M,midline,,,thoracic6|thoracic4,multifidus_T6_T4-P1|multifidus_T6_T4-P2,True,未跨越可动关节（该体段在此模型中为刚性连接）,M/torso
367,multifidus_T5_T3,multifidus_T5_T3_tendon,torso,Muscle_Torso.xml,M,midline,,,thoracic5|thoracic3,multifidus_T5_T3-P1|multifidus_T5_T3-P2,True,未跨越可动关节（该体段在此模型中为刚性连接）,M/torso
368,multifidus_T4_T2,multifidus_T4_T2_tendon,torso,Muscle_Torso.xml,M,midline,,,thoracic4|thoracic2,multifidus_T4_T2-P1|multifidus_T4_T2-P2,True,未跨越可动关节（该体段在此模型中为刚性连接）,M/torso
369,multifidus_T3_T1,multifidus_T3_T1_tendon,torso,Muscle_Torso.xml,M,midline,,,thoracic3|thoracic1,multifidus_T3_T1-P1|multifidus_T3_T1-P2,True,未跨越可动关节（该体段在此模型中为刚性连接）,M/torso
370,SerrAnt1_1_R,SerrAnt1_1_R_tendon,torso,Muscle_Torso.xml,R,name,upper,sternoclavicular_r2_r|sternoclavicular_r3_r|unrotscap_r3_r|unrotscap_r2_r|acromioclavicular_r2_r|acromioclavicular_r3_r|acromioclavicular_r1_r,scapula_r|rib1_R,SerrAnt1_1_R-P1|SerrAnt1_1_R-P2|SerrAnt1_1_R-P3|SerrAnt1_1_R-P4|SerrAnt1_1_R-P5|SerrAnt1_1_R-P6,False,跨关节(['upper']) 不含权威分组 torso,R/torso
371,SerrAnt2_1_R,SerrAnt2_1_R_tendon,torso,Muscle_Torso.xml,R,name,upper,sternoclavicular_r2_r|sternoclavicular_r3_r|unrotscap_r3_r|unrotscap_r2_r|acromioclavicular_r2_r|acromioclavicular_r3_r|acromioclavicular_r1_r,scapula_r|rib2_R,SerrAnt2_1_R-P1|SerrAnt2_1_R-P2|SerrAnt2_1_R-P3|SerrAnt2_1_R-P4|SerrAnt2_1_R-P5|SerrAnt2_1_R-P6,False,跨关节(['upper']) 不含权威分组 torso,R/torso
372,SerrAnt2_2_R,SerrAnt2_2_R_tendon,torso,Muscle_Torso.xml,R,name,upper,sternoclavicular_r2_r|sternoclavicular_r3_r|unrotscap_r3_r|unrotscap_r2_r|acromioclavicular_r2_r|acromioclavicular_r3_r|acromioclavicular_r1_r,scapula_r|rib2_R,SerrAnt2_2_R-P1|SerrAnt2_2_R-P2|SerrAnt2_2_R-P3|SerrAnt2_2_R-P4|SerrAnt2_2_R-P5|SerrAnt2_2_R-P6,False,跨关节(['upper']) 不含权威分组 torso,R/torso
373,SerrAnt3_1_R,SerrAnt3_1_R_tendon,torso,Muscle_Torso.xml,R,name,upper,sternoclavicular_r2_r|sternoclavicular_r3_r|unrotscap_r3_r|unrotscap_r2_r|acromioclavicular_r2_r|acromioclavicular_r3_r|acromioclavicular_r1_r,scapula_r|rib3_R,SerrAnt3_1_R-P1|SerrAnt3_1_R-P2|SerrAnt3_1_R-P3|SerrAnt3_1_R-P4|SerrAnt3_1_R-P5|SerrAnt3_1_R-P6|SerrAnt3_1_R-P7|SerrAnt3_1_R-P8|SerrAnt3_1_R-P9,False,跨关节(['upper']) 不含权威分组 torso,R/torso
374,SerrAnt4_1_R,SerrAnt4_1_R_tendon,torso,Muscle_Torso.xml,R,name,upper,sternoclavicular_r2_r|sternoclavicular_r3_r|unrotscap_r3_r|unrotscap_r2_r|acromioclavicular_r2_r|acromioclavicular_r3_r|acromioclavicular_r1_r,scapula_r|rib4_R,SerrAnt4_1_R-P1|SerrAnt4_1_R-P2|SerrAnt4_1_R-P3|SerrAnt4_1_R-P4|SerrAnt4_1_R-P5|SerrAnt4_1_R-P6|SerrAnt4_1_R-P7|SerrAnt4_1_R-P8|SerrAnt4_1_R-P9,False,跨关节(['upper']) 不含权威分组 torso,R/torso
375,SerrAnt5_1_R,SerrAnt5_1_R_tendon,torso,Muscle_Torso.xml,R,name,upper,sternoclavicular_r2_r|sternoclavicular_r3_r|unrotscap_r3_r|unrotscap_r2_r|acromioclavicular_r2_r|acromioclavicular_r3_r|acromioclavicular_r1_r,scapula_r|rib5_R,SerrAnt5_1_R-P1|SerrAnt5_1_R-P2|SerrAnt5_1_R-P3|SerrAnt5_1_R-P4|SerrAnt5_1_R-P5|SerrAnt5_1_R-P6|SerrAnt5_1_R-P7|SerrAnt5_1_R-P8|SerrAnt5_1_R-P9,False,跨关节(['upper']) 不含权威分组 torso,R/torso
376,SerrAnt6_1_R,SerrAnt6_1_R_tendon,torso,Muscle_Torso.xml,R,name,upper,sternoclavicular_r2_r|sternoclavicular_r3_r|unrotscap_r3_r|unrotscap_r2_r|acromioclavicular_r2_r|acromioclavicular_r3_r|acromioclavicular_r1_r,scapula_r|rib6_R,SerrAnt6_1_R-P1|SerrAnt6_1_R-P2|SerrAnt6_1_R-P3|SerrAnt6_1_R-P4|SerrAnt6_1_R-P5|SerrAnt6_1_R-P6|SerrAnt6_1_R-P7|SerrAnt6_1_R-P8|SerrAnt6_1_R-P9,False,跨关节(['upper']) 不含权威分组 torso,R/torso
377,SerrAnt7_1_R,SerrAnt7_1_R_tendon,torso,Muscle_Torso.xml,R,name,upper,sternoclavicular_r2_r|sternoclavicular_r3_r|unrotscap_r3_r|unrotscap_r2_r|acromioclavicular_r2_r|acromioclavicular_r3_r|acromioclavicular_r1_r,scapula_r|rib7_R,SerrAnt7_1_R-P1|SerrAnt7_1_R-P2|SerrAnt7_1_R-P3|SerrAnt7_1_R-P4|SerrAnt7_1_R-P5|SerrAnt7_1_R-P6|SerrAnt7_1_R-P7|SerrAnt7_1_R-P8|SerrAnt7_1_R-P9,False,跨关节(['upper']) 不含权威分组 torso,R/torso
378,SerrAnt8_1_R,SerrAnt8_1_R_tendon,torso,Muscle_Torso.xml,R,name,upper,sternoclavicular_r2_r|sternoclavicular_r3_r|unrotscap_r3_r|unrotscap_r2_r|acromioclavicular_r2_r|acromioclavicular_r3_r|acromioclavicular_r1_r,scapula_r|rib8_R,SerrAnt8_1_R-P1|SerrAnt8_1_R-P2|SerrAnt8_1_R-P3|SerrAnt8_1_R-P4|SerrAnt8_1_R-P5|SerrAnt8_1_R-P6|SerrAnt8_1_R-P7|SerrAnt8_1_R-P8|SerrAnt8_1_R-P9,False,跨关节(['upper']) 不含权威分组 torso,R/torso
379,SerrAnt9_1_R,SerrAnt9_1_R_tendon,torso,Muscle_Torso.xml,R,name,upper,sternoclavicular_r2_r|sternoclavicular_r3_r|unrotscap_r3_r|unrotscap_r2_r|acromioclavicular_r2_r|acromioclavicular_r3_r|acromioclavicular_r1_r,scapula_r|rib9_R,SerrAnt9_1_R-P1|SerrAnt9_1_R-P2|SerrAnt9_1_R-P3|SerrAnt9_1_R-P4|SerrAnt9_1_R-P5|SerrAnt9_1_R-P6|SerrAnt9_1_R-P7|SerrAnt9_1_R-P8|SerrAnt9_1_R-P9,False,跨关节(['upper']) 不含权威分组 torso,R/torso
380,TR1_r,TR1_r_tendon,torso,Muscle_Torso.xml,R,name,torso,L5_S1_FE|L5_S1_LB|L5_S1_AR|T12_L1_FE|T12_L1_LB|T12_L1_AR,Abdomen|rib9_R,TR1_r-P1|TR1_r-P2,True,,R/torso
381,TR2_r,TR2_r_tendon,torso,Muscle_Torso.xml,R,name,torso,L5_S1_FE|L5_S1_LB|L5_S1_AR,Abdomen|lumbar2,TR2_r-P1|TR2_r-P2,True,,R/torso
382,TR3_r,TR3_r_tendon,torso,Muscle_Torso.xml,R,name,torso,L5_S1_FE|L5_S1_LB|L5_S1_AR,Abdomen|lumbar3,TR3_r-P1|TR3_r-P2,True,,R/torso
383,TR4_r,TR4_r_tendon,torso,Muscle_Torso.xml,R,name,torso,L5_S1_FE|L5_S1_LB|L5_S1_AR,Abdomen|lumbar4,TR4_r-P1|TR4_r-P2,True,,R/torso
384,TR5_r,TR5_r_tendon,torso,Muscle_Torso.xml,R,name,torso,L5_S1_FE|L5_S1_LB|L5_S1_AR,pelvis|Abdomen|lumbar5,TR5_r-P1|TR5_r-P2,True,,R/torso
385,ExtIC_IS1_1_R,ExtIC_IS1_1_R_tendon,torso,Muscle_Torso.xml,R,name,,,rib1_R|rib2_R,ExtIC_IS1_1_R-P1|ExtIC_IS1_1_R-P2,True,未跨越可动关节（该体段在此模型中为刚性连接）,R/torso
386,ExtIC_IS1_3_R,ExtIC_IS1_3_R_tendon,torso,Muscle_Torso.xml,R,name,,,rib1_R|rib2_R,ExtIC_IS1_3_R-P1|ExtIC_IS1_3_R-P2,True,未跨越可动关节（该体段在此模型中为刚性连接）,R/torso
387,ExtIC_IS1_5_R,ExtIC_IS1_5_R_tendon,torso,Muscle_Torso.xml,R,name,,,rib1_R|rib2_R,ExtIC_IS1_5_R-P1|ExtIC_IS1_5_R-P2,True,未跨越可动关节（该体段在此模型中为刚性连接）,R/torso
388,ExtIC_IS2_1_R,ExtIC_IS2_1_R_tendon,torso,Muscle_Torso.xml,R,name,,,rib2_R|rib3_R,ExtIC_IS2_1_R-P1|ExtIC_IS2_1_R-P2,True,未跨越可动关节（该体段在此模型中为刚性连接）,R/torso
389,ExtIC_IS2_3_R,ExtIC_IS2_3_R_tendon,torso,Muscle_Torso.xml,R,name,,,rib2_R|rib3_R,ExtIC_IS2_3_R-P1|ExtIC_IS2_3_R-P2,True,未跨越可动关节（该体段在此模型中为刚性连接）,R/torso
390,ExtIC_IS2_5_R,ExtIC_IS2_5_R_tendon,torso,Muscle_Torso.xml,R,name,,,rib2_R|rib3_R,ExtIC_IS2_5_R-P1|ExtIC_IS2_5_R-P2,True,未跨越可动关节（该体段在此模型中为刚性连接）,R/torso
391,ExtIC_IS2_7_R,ExtIC_IS2_7_R_tendon,torso,Muscle_Torso.xml,R,name,,,rib2_R|rib3_R,ExtIC_IS2_7_R-P1|ExtIC_IS2_7_R-P2,True,未跨越可动关节（该体段在此模型中为刚性连接）,R/torso
392,ExtIC_IS3_1_R,ExtIC_IS3_1_R_tendon,torso,Muscle_Torso.xml,R,name,,,rib3_R|rib4_R,ExtIC_IS3_1_R-P1|ExtIC_IS3_1_R-P2,True,未跨越可动关节（该体段在此模型中为刚性连接）,R/torso
393,ExtIC_IS3_3_R,ExtIC_IS3_3_R_tendon,torso,Muscle_Torso.xml,R,name,,,rib3_R|rib4_R,ExtIC_IS3_3_R-P1|ExtIC_IS3_3_R-P2,True,未跨越可动关节（该体段在此模型中为刚性连接）,R/torso
394,ExtIC_IS3_5_R,ExtIC_IS3_5_R_tendon,torso,Muscle_Torso.xml,R,name,,,rib3_R|rib4_R,ExtIC_IS3_5_R-P1|ExtIC_IS3_5_R-P2,True,未跨越可动关节（该体段在此模型中为刚性连接）,R/torso
395,ExtIC_IS3_7_R,ExtIC_IS3_7_R_tendon,torso,Muscle_Torso.xml,R,name,,,rib3_R|rib4_R,ExtIC_IS3_7_R-P1|ExtIC_IS3_7_R-P2,True,未跨越可动关节（该体段在此模型中为刚性连接）,R/torso
396,ExtIC_IS4_1_R,ExtIC_IS4_1_R_tendon,torso,Muscle_Torso.xml,R,name,,,rib4_R|rib5_R,ExtIC_IS4_1_R-P1|ExtIC_IS4_1_R-P2,True,未跨越可动关节（该体段在此模型中为刚性连接）,R/torso
397,ExtIC_IS4_3_R,ExtIC_IS4_3_R_tendon,torso,Muscle_Torso.xml,R,name,,,rib4_R|rib5_R,ExtIC_IS4_3_R-P1|ExtIC_IS4_3_R-P2,True,未跨越可动关节（该体段在此模型中为刚性连接）,R/torso
398,ExtIC_IS4_5_R,ExtIC_IS4_5_R_tendon,torso,Muscle_Torso.xml,R,name,,,rib4_R|rib5_R,ExtIC_IS4_5_R-P1|ExtIC_IS4_5_R-P2,True,未跨越可动关节（该体段在此模型中为刚性连接）,R/torso
399,ExtIC_IS4_7_R,ExtIC_IS4_7_R_tendon,torso,Muscle_Torso.xml,R,name,,,rib4_R|rib5_R,ExtIC_IS4_7_R-P1|ExtIC_IS4_7_R-P2,True,未跨越可动关节（该体段在此模型中为刚性连接）,R/torso
400,ExtIC_IS5_1_R,ExtIC_IS5_1_R_tendon,torso,Muscle_Torso.xml,R,name,,,rib5_R|rib6_R,ExtIC_IS5_1_R-P1|ExtIC_IS5_1_R-P2,True,未跨越可动关节（该体段在此模型中为刚性连接）,R/torso
401,ExtIC_IS5_3_R,ExtIC_IS5_3_R_tendon,torso,Muscle_Torso.xml,R,name,,,rib5_R|rib6_R,ExtIC_IS5_3_R-P1|ExtIC_IS5_3_R-P2,True,未跨越可动关节（该体段在此模型中为刚性连接）,R/torso
402,ExtIC_IS5_5_R,ExtIC_IS5_5_R_tendon,torso,Muscle_Torso.xml,R,name,,,rib5_R|rib6_R,ExtIC_IS5_5_R-P1|ExtIC_IS5_5_R-P2,True,未跨越可动关节（该体段在此模型中为刚性连接）,R/torso
403,ExtIC_IS5_7_R,ExtIC_IS5_7_R_tendon,torso,Muscle_Torso.xml,R,name,,,rib5_R|rib6_R,ExtIC_IS5_7_R-P1|ExtIC_IS5_7_R-P2,True,未跨越可动关节（该体段在此模型中为刚性连接）,R/torso
404,ExtIC_IS6_1_R,ExtIC_IS6_1_R_tendon,torso,Muscle_Torso.xml,R,name,,,rib6_R|rib7_R,ExtIC_IS6_1_R-P1|ExtIC_IS6_1_R-P2,True,未跨越可动关节（该体段在此模型中为刚性连接）,R/torso
405,ExtIC_IS6_3_R,ExtIC_IS6_3_R_tendon,torso,Muscle_Torso.xml,R,name,,,rib6_R|rib7_R,ExtIC_IS6_3_R-P1|ExtIC_IS6_3_R-P2,True,未跨越可动关节（该体段在此模型中为刚性连接）,R/torso
406,ExtIC_IS6_5_R,ExtIC_IS6_5_R_tendon,torso,Muscle_Torso.xml,R,name,,,rib6_R|rib7_R,ExtIC_IS6_5_R-P1|ExtIC_IS6_5_R-P2,True,未跨越可动关节（该体段在此模型中为刚性连接）,R/torso
407,ExtIC_IS6_7_R,ExtIC_IS6_7_R_tendon,torso,Muscle_Torso.xml,R,name,,,rib6_R|rib7_R,ExtIC_IS6_7_R-P1|ExtIC_IS6_7_R-P2,True,未跨越可动关节（该体段在此模型中为刚性连接）,R/torso
408,ExtIC_IS7_1_R,ExtIC_IS7_1_R_tendon,torso,Muscle_Torso.xml,R,name,,,rib7_R|rib8_R,ExtIC_IS7_1_R-P1|ExtIC_IS7_1_R-P2,True,未跨越可动关节（该体段在此模型中为刚性连接）,R/torso
409,ExtIC_IS7_3_R,ExtIC_IS7_3_R_tendon,torso,Muscle_Torso.xml,R,name,,,rib7_R|rib8_R,ExtIC_IS7_3_R-P1|ExtIC_IS7_3_R-P2,True,未跨越可动关节（该体段在此模型中为刚性连接）,R/torso
410,ExtIC_IS7_5_R,ExtIC_IS7_5_R_tendon,torso,Muscle_Torso.xml,R,name,,,rib7_R|rib8_R,ExtIC_IS7_5_R-P1|ExtIC_IS7_5_R-P2,True,未跨越可动关节（该体段在此模型中为刚性连接）,R/torso
411,ExtIC_IS7_7_R,ExtIC_IS7_7_R_tendon,torso,Muscle_Torso.xml,R,name,,,rib7_R|rib8_R,ExtIC_IS7_7_R-P1|ExtIC_IS7_7_R-P2,True,未跨越可动关节（该体段在此模型中为刚性连接）,R/torso
412,ExtIC_IS8_1_R,ExtIC_IS8_1_R_tendon,torso,Muscle_Torso.xml,R,name,,,rib8_R|rib9_R,ExtIC_IS8_1_R-P1|ExtIC_IS8_1_R-P2,True,未跨越可动关节（该体段在此模型中为刚性连接）,R/torso
413,ExtIC_IS8_3_R,ExtIC_IS8_3_R_tendon,torso,Muscle_Torso.xml,R,name,,,rib8_R|rib9_R,ExtIC_IS8_3_R-P1|ExtIC_IS8_3_R-P2,True,未跨越可动关节（该体段在此模型中为刚性连接）,R/torso
414,ExtIC_IS8_5_R,ExtIC_IS8_5_R_tendon,torso,Muscle_Torso.xml,R,name,,,rib8_R|rib9_R,ExtIC_IS8_5_R-P1|ExtIC_IS8_5_R-P2,True,未跨越可动关节（该体段在此模型中为刚性连接）,R/torso
415,ExtIC_IS8_7_R,ExtIC_IS8_7_R_tendon,torso,Muscle_Torso.xml,R,name,,,rib8_R|rib9_R,ExtIC_IS8_7_R-P1|ExtIC_IS8_7_R-P2,True,未跨越可动关节（该体段在此模型中为刚性连接）,R/torso
416,ExtIC_IS9_1_R,ExtIC_IS9_1_R_tendon,torso,Muscle_Torso.xml,R,name,,,rib9_R|rib10_R,ExtIC_IS9_1_R-P1|ExtIC_IS9_1_R-P2,True,未跨越可动关节（该体段在此模型中为刚性连接）,R/torso
417,ExtIC_IS9_3_R,ExtIC_IS9_3_R_tendon,torso,Muscle_Torso.xml,R,name,,,rib9_R|rib10_R,ExtIC_IS9_3_R-P1|ExtIC_IS9_3_R-P2,True,未跨越可动关节（该体段在此模型中为刚性连接）,R/torso
418,ExtIC_IS9_5_R,ExtIC_IS9_5_R_tendon,torso,Muscle_Torso.xml,R,name,,,rib9_R|rib10_R,ExtIC_IS9_5_R-P1|ExtIC_IS9_5_R-P2,True,未跨越可动关节（该体段在此模型中为刚性连接）,R/torso
419,ExtIC_IS10_1_R,ExtIC_IS10_1_R_tendon,torso,Muscle_Torso.xml,R,name,,,rib10_R|rib11_R,ExtIC_IS10_1_R-P1|ExtIC_IS10_1_R-P2,True,未跨越可动关节（该体段在此模型中为刚性连接）,R/torso
420,ExtIC_IS10_3_R,ExtIC_IS10_3_R_tendon,torso,Muscle_Torso.xml,R,name,,,rib10_R|rib11_R,ExtIC_IS10_3_R-P1|ExtIC_IS10_3_R-P2,True,未跨越可动关节（该体段在此模型中为刚性连接）,R/torso
421,ExtIC_IS11_1_R,ExtIC_IS11_1_R_tendon,torso,Muscle_Torso.xml,R,name,,,rib11_R|rib12_R,ExtIC_IS11_1_R-P1|ExtIC_IS11_1_R-P2,True,未跨越可动关节（该体段在此模型中为刚性连接）,R/torso
422,ExtIC_IS11_3_R,ExtIC_IS11_3_R_tendon,torso,Muscle_Torso.xml,R,name,,,rib11_R|rib12_R,ExtIC_IS11_3_R-P1|ExtIC_IS11_3_R-P2,True,未跨越可动关节（该体段在此模型中为刚性连接）,R/torso
423,IntIC_IS1_1_R,IntIC_IS1_1_R_tendon,torso,Muscle_Torso.xml,R,name,,,rib1_R|rib2_R,IntIC_IS1_1_R-P1|IntIC_IS1_1_R-P2,True,未跨越可动关节（该体段在此模型中为刚性连接）,R/torso
424,IntIC_IS1_3_R,IntIC_IS1_3_R_tendon,torso,Muscle_Torso.xml,R,name,,,rib1_R|rib2_R,IntIC_IS1_3_R-P1|IntIC_IS1_3_R-P2,True,未跨越可动关节（该体段在此模型中为刚性连接）,R/torso
425,IntIC_IS1_5_R,IntIC_IS1_5_R_tendon,torso,Muscle_Torso.xml,R,name,,,rib1_R|rib2_R,IntIC_IS1_5_R-P1|IntIC_IS1_5_R-P2,True,未跨越可动关节（该体段在此模型中为刚性连接）,R/torso
426,IntIC_IS2_1_R,IntIC_IS2_1_R_tendon,torso,Muscle_Torso.xml,R,name,,,rib2_R|rib3_R,IntIC_IS2_1_R-P1|IntIC_IS2_1_R-P2,True,未跨越可动关节（该体段在此模型中为刚性连接）,R/torso
427,IntIC_IS2_3_R,IntIC_IS2_3_R_tendon,torso,Muscle_Torso.xml,R,name,,,rib2_R|rib3_R,IntIC_IS2_3_R-P1|IntIC_IS2_3_R-P2,True,未跨越可动关节（该体段在此模型中为刚性连接）,R/torso
428,IntIC_IS2_5_R,IntIC_IS2_5_R_tendon,torso,Muscle_Torso.xml,R,name,,,rib2_R|rib3_R,IntIC_IS2_5_R-P1|IntIC_IS2_5_R-P2,True,未跨越可动关节（该体段在此模型中为刚性连接）,R/torso
429,IntIC_IS2_7_R,IntIC_IS2_7_R_tendon,torso,Muscle_Torso.xml,R,name,,,rib2_R|rib3_R,IntIC_IS2_7_R-P1|IntIC_IS2_7_R-P2,True,未跨越可动关节（该体段在此模型中为刚性连接）,R/torso
430,IntIC_IS3_1_R,IntIC_IS3_1_R_tendon,torso,Muscle_Torso.xml,R,name,,,rib3_R|rib4_R,IntIC_IS3_1_R-P1|IntIC_IS3_1_R-P2,True,未跨越可动关节（该体段在此模型中为刚性连接）,R/torso
431,IntIC_IS3_3_R,IntIC_IS3_3_R_tendon,torso,Muscle_Torso.xml,R,name,,,rib3_R|rib4_R,IntIC_IS3_3_R-P1|IntIC_IS3_3_R-P2,True,未跨越可动关节（该体段在此模型中为刚性连接）,R/torso
432,IntIC_IS3_5_R,IntIC_IS3_5_R_tendon,torso,Muscle_Torso.xml,R,name,,,rib3_R|rib4_R,IntIC_IS3_5_R-P1|IntIC_IS3_5_R-P2,True,未跨越可动关节（该体段在此模型中为刚性连接）,R/torso
433,IntIC_IS3_7_R,IntIC_IS3_7_R_tendon,torso,Muscle_Torso.xml,R,name,,,rib3_R|rib4_R,IntIC_IS3_7_R-P1|IntIC_IS3_7_R-P2,True,未跨越可动关节（该体段在此模型中为刚性连接）,R/torso
434,IntIC_IS4_1_R,IntIC_IS4_1_R_tendon,torso,Muscle_Torso.xml,R,name,,,rib4_R|rib5_R,IntIC_IS4_1_R-P1|IntIC_IS4_1_R-P2,True,未跨越可动关节（该体段在此模型中为刚性连接）,R/torso
435,IntIC_IS4_3_R,IntIC_IS4_3_R_tendon,torso,Muscle_Torso.xml,R,name,,,rib4_R|rib5_R,IntIC_IS4_3_R-P1|IntIC_IS4_3_R-P2,True,未跨越可动关节（该体段在此模型中为刚性连接）,R/torso
436,IntIC_IS4_5_R,IntIC_IS4_5_R_tendon,torso,Muscle_Torso.xml,R,name,,,rib4_R|rib5_R,IntIC_IS4_5_R-P1|IntIC_IS4_5_R-P2,True,未跨越可动关节（该体段在此模型中为刚性连接）,R/torso
437,IntIC_IS4_7_R,IntIC_IS4_7_R_tendon,torso,Muscle_Torso.xml,R,name,,,rib4_R|rib5_R,IntIC_IS4_7_R-P1|IntIC_IS4_7_R-P2,True,未跨越可动关节（该体段在此模型中为刚性连接）,R/torso
438,IntIC_IS5_1_R,IntIC_IS5_1_R_tendon,torso,Muscle_Torso.xml,R,name,,,rib5_R|rib6_R,IntIC_IS5_1_R-P1|IntIC_IS5_1_R-P2,True,未跨越可动关节（该体段在此模型中为刚性连接）,R/torso
439,IntIC_IS5_3_R,IntIC_IS5_3_R_tendon,torso,Muscle_Torso.xml,R,name,,,rib5_R|rib6_R,IntIC_IS5_3_R-P1|IntIC_IS5_3_R-P2,True,未跨越可动关节（该体段在此模型中为刚性连接）,R/torso
440,IntIC_IS5_5_R,IntIC_IS5_5_R_tendon,torso,Muscle_Torso.xml,R,name,,,rib5_R|rib6_R,IntIC_IS5_5_R-P1|IntIC_IS5_5_R-P2,True,未跨越可动关节（该体段在此模型中为刚性连接）,R/torso
441,IntIC_IS5_7_R,IntIC_IS5_7_R_tendon,torso,Muscle_Torso.xml,R,name,,,rib5_R|rib6_R,IntIC_IS5_7_R-P1|IntIC_IS5_7_R-P2,True,未跨越可动关节（该体段在此模型中为刚性连接）,R/torso
442,IntIC_IS6_1_R,IntIC_IS6_1_R_tendon,torso,Muscle_Torso.xml,R,name,,,rib6_R|rib7_R,IntIC_IS6_1_R-P1|IntIC_IS6_1_R-P2,True,未跨越可动关节（该体段在此模型中为刚性连接）,R/torso
443,IntIC_IS6_3_R,IntIC_IS6_3_R_tendon,torso,Muscle_Torso.xml,R,name,,,rib6_R|rib7_R,IntIC_IS6_3_R-P1|IntIC_IS6_3_R-P2,True,未跨越可动关节（该体段在此模型中为刚性连接）,R/torso
444,IntIC_IS6_5_R,IntIC_IS6_5_R_tendon,torso,Muscle_Torso.xml,R,name,,,rib6_R|rib7_R,IntIC_IS6_5_R-P1|IntIC_IS6_5_R-P2,True,未跨越可动关节（该体段在此模型中为刚性连接）,R/torso
445,IntIC_IS6_7_R,IntIC_IS6_7_R_tendon,torso,Muscle_Torso.xml,R,name,,,rib6_R|rib7_R,IntIC_IS6_7_R-P1|IntIC_IS6_7_R-P2,True,未跨越可动关节（该体段在此模型中为刚性连接）,R/torso
446,IntIC_IS7_1_R,IntIC_IS7_1_R_tendon,torso,Muscle_Torso.xml,R,name,,,rib7_R|rib8_R,IntIC_IS7_1_R-P1|IntIC_IS7_1_R-P2,True,未跨越可动关节（该体段在此模型中为刚性连接）,R/torso
447,IntIC_IS7_3_R,IntIC_IS7_3_R_tendon,torso,Muscle_Torso.xml,R,name,,,rib7_R|rib8_R,IntIC_IS7_3_R-P1|IntIC_IS7_3_R-P2,True,未跨越可动关节（该体段在此模型中为刚性连接）,R/torso
448,IntIC_IS7_5_R,IntIC_IS7_5_R_tendon,torso,Muscle_Torso.xml,R,name,,,rib7_R|rib8_R,IntIC_IS7_5_R-P1|IntIC_IS7_5_R-P2,True,未跨越可动关节（该体段在此模型中为刚性连接）,R/torso
449,IntIC_IS7_7_R,IntIC_IS7_7_R_tendon,torso,Muscle_Torso.xml,R,name,,,rib7_R|rib8_R,IntIC_IS7_7_R-P1|IntIC_IS7_7_R-P2,True,未跨越可动关节（该体段在此模型中为刚性连接）,R/torso
450,IntIC_IS8_1_R,IntIC_IS8_1_R_tendon,torso,Muscle_Torso.xml,R,name,,,rib8_R|rib9_R,IntIC_IS8_1_R-P1|IntIC_IS8_1_R-P2,True,未跨越可动关节（该体段在此模型中为刚性连接）,R/torso
451,IntIC_IS8_3_R,IntIC_IS8_3_R_tendon,torso,Muscle_Torso.xml,R,name,,,rib8_R|rib9_R,IntIC_IS8_3_R-P1|IntIC_IS8_3_R-P2,True,未跨越可动关节（该体段在此模型中为刚性连接）,R/torso
452,IntIC_IS8_5_R,IntIC_IS8_5_R_tendon,torso,Muscle_Torso.xml,R,name,,,rib8_R|rib9_R,IntIC_IS8_5_R-P1|IntIC_IS8_5_R-P2,True,未跨越可动关节（该体段在此模型中为刚性连接）,R/torso
453,IntIC_IS8_7_R,IntIC_IS8_7_R_tendon,torso,Muscle_Torso.xml,R,name,,,rib8_R|rib9_R,IntIC_IS8_7_R-P1|IntIC_IS8_7_R-P2,True,未跨越可动关节（该体段在此模型中为刚性连接）,R/torso
454,IntIC_IS9_1_R,IntIC_IS9_1_R_tendon,torso,Muscle_Torso.xml,R,name,,,rib9_R|rib10_R,IntIC_IS9_1_R-P1|IntIC_IS9_1_R-P2,True,未跨越可动关节（该体段在此模型中为刚性连接）,R/torso
455,IntIC_IS9_3_R,IntIC_IS9_3_R_tendon,torso,Muscle_Torso.xml,R,name,,,rib9_R|rib10_R,IntIC_IS9_3_R-P1|IntIC_IS9_3_R-P2,True,未跨越可动关节（该体段在此模型中为刚性连接）,R/torso
456,IntIC_IS9_5_R,IntIC_IS9_5_R_tendon,torso,Muscle_Torso.xml,R,name,,,rib9_R|rib10_R,IntIC_IS9_5_R-P1|IntIC_IS9_5_R-P2,True,未跨越可动关节（该体段在此模型中为刚性连接）,R/torso
457,IntIC_IS10_1_R,IntIC_IS10_1_R_tendon,torso,Muscle_Torso.xml,R,name,,,rib10_R|rib11_R,IntIC_IS10_1_R-P1|IntIC_IS10_1_R-P2,True,未跨越可动关节（该体段在此模型中为刚性连接）,R/torso
458,IntIC_IS10_3_R,IntIC_IS10_3_R_tendon,torso,Muscle_Torso.xml,R,name,,,rib10_R|rib11_R,IntIC_IS10_3_R-P1|IntIC_IS10_3_R-P2,True,未跨越可动关节（该体段在此模型中为刚性连接）,R/torso
459,IntIC_IS11_1_R,IntIC_IS11_1_R_tendon,torso,Muscle_Torso.xml,R,name,,,rib11_R|rib12_R,IntIC_IS11_1_R-P1|IntIC_IS11_1_R-P2,True,未跨越可动关节（该体段在此模型中为刚性连接）,R/torso
460,IntIC_IS11_3_R,IntIC_IS11_3_R_tendon,torso,Muscle_Torso.xml,R,name,,,rib11_R|rib12_R,IntIC_IS11_3_R-P1|IntIC_IS11_3_R-P2,True,未跨越可动关节（该体段在此模型中为刚性连接）,R/torso
461,rect_abd_l,rect_abd_l_tendon,torso,Muscle_Torso.xml,L,name,torso,L5_S1_FE|L5_S1_LB|L5_S1_AR|T12_L1_FE|T12_L1_LB|T12_L1_AR,pelvis|Abdomen|rib6_L,rect_abd_l-P1|rect_abd_l-P2|rect_abd_l-P3|rect_abd_l-P4,True,,L/torso
462,IL_L1_l,IL_L1_l_tendon,torso,Muscle_Torso.xml,L,name,torso,L5_S1_FE|L5_S1_LB|L5_S1_AR,pelvis|lumbar1,IL_L1_l-P1|IL_L1_l-P2,True,,L/torso
463,IL_L2_l,IL_L2_l_tendon,torso,Muscle_Torso.xml,L,name,torso,L5_S1_FE|L5_S1_LB|L5_S1_AR,pelvis|lumbar2,IL_L2_l-P1|IL_L2_l-P2,True,,L/torso
464,IL_L3_l,IL_L3_l_tendon,torso,Muscle_Torso.xml,L,name,torso,L5_S1_FE|L5_S1_LB|L5_S1_AR,pelvis|lumbar3,IL_L3_l-P1|IL_L3_l-P2,True,,L/torso
465,IL_L4_l,IL_L4_l_tendon,torso,Muscle_Torso.xml,L,name,torso,L5_S1_FE|L5_S1_LB|L5_S1_AR,pelvis|lumbar4,IL_L4_l-P1|IL_L4_l-P2,True,,L/torso
466,IL_R5_l,IL_R5_l_tendon,torso,Muscle_Torso.xml,L,name,torso,L5_S1_FE|L5_S1_LB|L5_S1_AR|T12_L1_FE|T12_L1_LB|T12_L1_AR,pelvis|lumbar2|rib5_L|rib6_L|rib7_L|rib8_L|rib9_L|rib10_L,IL_R5_l-P1|IL_R5_l-P2|IL_R5_l-P3|IL_R5_l-P4|IL_R5_l-P5|IL_R5_l-P6|IL_R5_l-P7|IL_R5_l-P8,True,,L/torso
467,IL_R6_l,IL_R6_l_tendon,torso,Muscle_Torso.xml,L,name,torso,L5_S1_FE|L5_S1_LB|L5_S1_AR|T12_L1_FE|T12_L1_LB|T12_L1_AR,pelvis|lumbar2|rib6_L|rib7_L|rib8_L|rib9_L|rib10_L,IL_R6_l-P1|IL_R6_l-P2|IL_R6_l-P3|IL_R6_l-P4|IL_R6_l-P5|IL_R6_l-P6|IL_R6_l-P7,True,,L/torso
468,IL_R7_l,IL_R7_l_tendon,torso,Muscle_Torso.xml,L,name,torso,L5_S1_FE|L5_S1_LB|L5_S1_AR|T12_L1_FE|T12_L1_LB|T12_L1_AR,pelvis|lumbar2|rib7_L|rib8_L|rib9_L|rib10_L,IL_R7_l-P1|IL_R7_l-P2|IL_R7_l-P3|IL_R7_l-P4|IL_R7_l-P5|IL_R7_l-P6,True,,L/torso
469,IL_R8_l,IL_R8_l_tendon,torso,Muscle_Torso.xml,L,name,torso,L5_S1_FE|L5_S1_LB|L5_S1_AR|T12_L1_FE|T12_L1_LB|T12_L1_AR,pelvis|lumbar2|rib8_L|rib9_L|rib10_L,IL_R8_l-P1|IL_R8_l-P2|IL_R8_l-P3|IL_R8_l-P4|IL_R8_l-P5,True,,L/torso
470,IL_R9_l,IL_R9_l_tendon,torso,Muscle_Torso.xml,L,name,torso,L5_S1_FE|L5_S1_LB|L5_S1_AR|T12_L1_FE|T12_L1_LB|T12_L1_AR,pelvis|lumbar2|rib9_L|rib10_L,IL_R9_l-P1|IL_R9_l-P2|IL_R9_l-P3|IL_R9_l-P4,True,,L/torso
471,IL_R10_l,IL_R10_l_tendon,torso,Muscle_Torso.xml,L,name,torso,L5_S1_FE|L5_S1_LB|L5_S1_AR|T12_L1_FE|T12_L1_LB|T12_L1_AR,pelvis|lumbar2|rib10_L,IL_R10_l-P1|IL_R10_l-P2|IL_R10_l-P3,True,,L/torso
472,IL_R11_l,IL_R11_l_tendon,torso,Muscle_Torso.xml,L,name,torso,L5_S1_FE|L5_S1_LB|L5_S1_AR|T12_L1_FE|T12_L1_LB|T12_L1_AR,pelvis|lumbar2|rib11_L,IL_R11_l-P1|IL_R11_l-P2|IL_R11_l-P3,True,,L/torso
473,IL_R12_l,IL_R12_l_tendon,torso,Muscle_Torso.xml,L,name,torso,L5_S1_FE|L5_S1_LB|L5_S1_AR|T12_L1_FE|T12_L1_LB|T12_L1_AR,pelvis|rib12_L,IL_R12_l-P1|IL_R12_l-P2,True,,L/torso
474,LTpT_T1_l,LTpT_T1_l_tendon,torso,Muscle_Torso.xml,L,name,torso,T12_L1_FE|T12_L1_LB|T12_L1_AR,lumbar1|thoracic12|thoracic11|thoracic10|thoracic9|thoracic8|thoracic7|thoracic6|thoracic5|thoracic1,LTpT_T1_l-P1|LTpT_T1_l-P2|LTpT_T1_l-P3|LTpT_T1_l-P4|LTpT_T1_l-P5|LTpT_T1_l-P6|LTpT_T1_l-P7|LTpT_T1_l-P8|LTpT_T1_l-P9|LTpT_T1_l-P10,True,,L/torso
475,LTpT_T2_l,LTpT_T2_l_tendon,torso,Muscle_Torso.xml,L,name,torso,T12_L1_FE|T12_L1_LB|T12_L1_AR,lumbar2|thoracic12|thoracic11|thoracic10|thoracic9|thoracic8|thoracic7|thoracic6|thoracic5|thoracic4|thoracic2,LTpT_T2_l-P1|LTpT_T2_l-P2|LTpT_T2_l-P3|LTpT_T2_l-P4|LTpT_T2_l-P5|LTpT_T2_l-P6|LTpT_T2_l-P7|LTpT_T2_l-P8|LTpT_T2_l-P9|LTpT_T2_l-P10|LTpT_T2_l-P11,True,,L/torso
476,LTpT_T3_l,LTpT_T3_l_tendon,torso,Muscle_Torso.xml,L,name,torso,T12_L1_FE|T12_L1_LB|T12_L1_AR,lumbar3|lumbar1|thoracic12|thoracic11|thoracic10|thoracic9|thoracic8|thoracic7|thoracic6|thoracic5|thoracic3,LTpT_T3_l-P1|LTpT_T3_l-P2|LTpT_T3_l-P3|LTpT_T3_l-P4|LTpT_T3_l-P5|LTpT_T3_l-P6|LTpT_T3_l-P7|LTpT_T3_l-P8|LTpT_T3_l-P9|LTpT_T3_l-P10|LTpT_T3_l-P11,True,,L/torso
477,LTpT_T4_l,LTpT_T4_l_tendon,torso,Muscle_Torso.xml,L,name,torso,T12_L1_FE|T12_L1_LB|T12_L1_AR,lumbar4|lumbar1|thoracic12|thoracic11|thoracic10|thoracic9|thoracic8|thoracic7|thoracic6|thoracic4,LTpT_T4_l-P1|LTpT_T4_l-P2|LTpT_T4_l-P3|LTpT_T4_l-P4|LTpT_T4_l-P5|LTpT_T4_l-P6|LTpT_T4_l-P7|LTpT_T4_l-P8|LTpT_T4_l-P9|LTpT_T4_l-P10,True,,L/torso
478,LTpT_T5_l,LTpT_T5_l_tendon,torso,Muscle_Torso.xml,L,name,torso,T12_L1_FE|T12_L1_LB|T12_L1_AR,lumbar4|lumbar2|thoracic12|thoracic11|thoracic10|thoracic9|thoracic8|thoracic7|thoracic5,LTpT_T5_l-P1|LTpT_T5_l-P2|LTpT_T5_l-P3|LTpT_T5_l-P4|LTpT_T5_l-P5|LTpT_T5_l-P6|LTpT_T5_l-P7|LTpT_T5_l-P8|LTpT_T5_l-P9,True,,L/torso
479,LTpT_T6_l,LTpT_T6_l_tendon,torso,Muscle_Torso.xml,L,name,torso,T12_L1_FE|T12_L1_LB|T12_L1_AR,lumbar5|lumbar2|thoracic10|thoracic6,LTpT_T6_l-P1|LTpT_T6_l-P2|LTpT_T6_l-P3|LTpT_T6_l-P4,True,,L/torso
480,LTpT_T7_l,LTpT_T7_l_tendon,torso,Muscle_Torso.xml,L,name,torso,L5_S1_FE|L5_S1_LB|L5_S1_AR|T12_L1_FE|T12_L1_LB|T12_L1_AR,sacrum|lumbar2|thoracic10|thoracic7,LTpT_T7_l-P1|LTpT_T7_l-P2|LTpT_T7_l-P3|LTpT_T7_l-P4,True,,L/torso
481,LTpT_T8_l,LTpT_T8_l_tendon,torso,Muscle_Torso.xml,L,name,torso,L5_S1_FE|L5_S1_LB|L5_S1_AR|T12_L1_FE|T12_L1_LB|T12_L1_AR,sacrum|lumbar4|lumbar3|lumbar2|thoracic8,LTpT_T8_l-P1|LTpT_T8_l-P2|LTpT_T8_l-P3|LTpT_T8_l-P4|LTpT_T8_l-P5,True,,L/torso
482,LTpT_T9_l,LTpT_T9_l_tendon,torso,Muscle_Torso.xml,L,name,torso,L5_S1_FE|L5_S1_LB|L5_S1_AR|T12_L1_FE|T12_L1_LB|T12_L1_AR,sacrum|lumbar4|lumbar3|lumbar2|thoracic9,LTpT_T9_l-P1|LTpT_T9_l-P2|LTpT_T9_l-P3|LTpT_T9_l-P4|LTpT_T9_l-P5,True,,L/torso
483,LTpT_T10_l,LTpT_T10_l_tendon,torso,Muscle_Torso.xml,L,name,torso,L5_S1_FE|L5_S1_LB|L5_S1_AR|T12_L1_FE|T12_L1_LB|T12_L1_AR,sacrum|lumbar4|lumbar3|lumbar2|thoracic10,LTpT_T10_l-P1|LTpT_T10_l-P2|LTpT_T10_l-P3|LTpT_T10_l-P4|LTpT_T10_l-P5,True,,L/torso
484,LTpT_T11_l,LTpT_T11_l_tendon,torso,Muscle_Torso.xml,L,name,torso,L5_S1_FE|L5_S1_LB|L5_S1_AR|T12_L1_FE|T12_L1_LB|T12_L1_AR,sacrum|lumbar4|lumbar3|lumbar2|thoracic11,LTpT_T11_l-P1|LTpT_T11_l-P2|LTpT_T11_l-P3|LTpT_T11_l-P4|LTpT_T11_l-P5,True,,L/torso
485,LTpT_T12_l,LTpT_T12_l_tendon,torso,Muscle_Torso.xml,L,name,torso,L5_S1_FE|L5_S1_LB|L5_S1_AR|T12_L1_FE|T12_L1_LB|T12_L1_AR,sacrum|lumbar4|lumbar3|lumbar2|thoracic12,LTpT_T12_l-P1|LTpT_T12_l-P2|LTpT_T12_l-P3|LTpT_T12_l-P4|LTpT_T12_l-P5,True,,L/torso
486,LTpT_R4_l,LTpT_R4_l_tendon,torso,Muscle_Torso.xml,L,name,torso,T12_L1_FE|T12_L1_LB|T12_L1_AR,lumbar4|lumbar2|rib4_L|rib7_L|rib8_L|rib9_L|rib10_L,LTpT_R4_l-P1|LTpT_R4_l-P2|LTpT_R4_l-P3|LTpT_R4_l-P4|LTpT_R4_l-P5|LTpT_R4_l-P6|LTpT_R4_l-P7,True,,L/torso
487,LTpT_R5_l,LTpT_R5_l_tendon,torso,Muscle_Torso.xml,L,name,torso,T12_L1_FE|T12_L1_LB|T12_L1_AR,lumbar4|lumbar2|rib5_L|rib7_L|rib8_L|rib9_L|rib10_L,LTpT_R5_l-P1|LTpT_R5_l-P2|LTpT_R5_l-P3|LTpT_R5_l-P4|LTpT_R5_l-P5|LTpT_R5_l-P6|LTpT_R5_l-P7,True,,L/torso
488,LTpT_R6_l,LTpT_R6_l_tendon,torso,Muscle_Torso.xml,L,name,torso,T12_L1_FE|T12_L1_LB|T12_L1_AR,lumbar5|lumbar3|lumbar2|rib6_L|rib7_L|rib8_L|rib9_L|rib10_L,LTpT_R6_l-P1|LTpT_R6_l-P2|LTpT_R6_l-P3|LTpT_R6_l-P4|LTpT_R6_l-P5|LTpT_R6_l-P6|LTpT_R6_l-P7|LTpT_R6_l-P8,True,,L/torso
489,LTpT_R7_l,LTpT_R7_l_tendon,torso,Muscle_Torso.xml,L,name,torso,L5_S1_FE|L5_S1_LB|L5_S1_AR|T12_L1_FE|T12_L1_LB|T12_L1_AR,sacrum|lumbar4|lumbar3|lumbar2|rib7_L|rib8_L|rib9_L|rib10_L,LTpT_R7_l-P1|LTpT_R7_l-P2|LTpT_R7_l-P3|LTpT_R7_l-P4|LTpT_R7_l-P5|LTpT_R7_l-P6|LTpT_R7_l-P7|LTpT_R7_l-P8,True,,L/torso
490,LTpT_R8_l,LTpT_R8_l_tendon,torso,Muscle_Torso.xml,L,name,torso,L5_S1_FE|L5_S1_LB|L5_S1_AR|T12_L1_FE|T12_L1_LB|T12_L1_AR,sacrum|lumbar4|lumbar3|lumbar2|rib8_L|rib9_L|rib10_L,LTpT_R8_l-P1|LTpT_R8_l-P2|LTpT_R8_l-P3|LTpT_R8_l-P4|LTpT_R8_l-P5|LTpT_R8_l-P6|LTpT_R8_l-P7,True,,L/torso
491,LTpT_R9_l,LTpT_R9_l_tendon,torso,Muscle_Torso.xml,L,name,torso,L5_S1_FE|L5_S1_LB|L5_S1_AR|T12_L1_FE|T12_L1_LB|T12_L1_AR,sacrum|lumbar4|lumbar3|lumbar2|rib9_L|rib10_L,LTpT_R9_l-P1|LTpT_R9_l-P2|LTpT_R9_l-P3|LTpT_R9_l-P4|LTpT_R9_l-P5|LTpT_R9_l-P6,True,,L/torso
492,LTpT_R10_l,LTpT_R10_l_tendon,torso,Muscle_Torso.xml,L,name,torso,L5_S1_FE|L5_S1_LB|L5_S1_AR|T12_L1_FE|T12_L1_LB|T12_L1_AR,sacrum|lumbar4|lumbar3|lumbar2|rib10_L,LTpT_R10_l-P1|LTpT_R10_l-P2|LTpT_R10_l-P3|LTpT_R10_l-P4|LTpT_R10_l-P5,True,,L/torso
493,LTpT_R11_l,LTpT_R11_l_tendon,torso,Muscle_Torso.xml,L,name,torso,L5_S1_FE|L5_S1_LB|L5_S1_AR|T12_L1_FE|T12_L1_LB|T12_L1_AR,sacrum|lumbar4|lumbar3|lumbar2|rib11_L,LTpT_R11_l-P1|LTpT_R11_l-P2|LTpT_R11_l-P3|LTpT_R11_l-P4|LTpT_R11_l-P5,True,,L/torso
494,LTpT_R12_l,LTpT_R12_l_tendon,torso,Muscle_Torso.xml,L,name,torso,L5_S1_FE|L5_S1_LB|L5_S1_AR|T12_L1_FE|T12_L1_LB|T12_L1_AR,sacrum|lumbar4|lumbar3|lumbar2|rib12_L,LTpT_R12_l-P1|LTpT_R12_l-P2|LTpT_R12_l-P3|LTpT_R12_l-P4|LTpT_R12_l-P5,True,,L/torso
495,LTpL_L5_l,LTpL_L5_l_tendon,torso,Muscle_Torso.xml,L,name,torso,L5_S1_FE|L5_S1_LB|L5_S1_AR,sacrum|lumbar5,LTpL_L5_l-P1|LTpL_L5_l-P2,True,,L/torso
496,LTpL_L4_l,LTpL_L4_l_tendon,torso,Muscle_Torso.xml,L,name,torso,L5_S1_FE|L5_S1_LB|L5_S1_AR,pelvis|lumbar4,LTpL_L4_l-P1|LTpL_L4_l-P2,True,,L/torso
497,LTpL_L3_l,LTpL_L3_l_tendon,torso,Muscle_Torso.xml,L,name,torso,L5_S1_FE|L5_S1_LB|L5_S1_AR,pelvis|lumbar3,LTpL_L3_l-P1|LTpL_L3_l-P2,True,,L/torso
498,LTpL_L2_l,LTpL_L2_l_tendon,torso,Muscle_Torso.xml,L,name,torso,L5_S1_FE|L5_S1_LB|L5_S1_AR,pelvis|lumbar2,LTpL_L2_l-P1|LTpL_L2_l-P2,True,,L/torso
499,LTpL_L1_l,LTpL_L1_l_tendon,torso,Muscle_Torso.xml,L,name,torso,L5_S1_FE|L5_S1_LB|L5_S1_AR,pelvis|lumbar1,LTpL_L1_l-P1|LTpL_L1_l-P2,True,,L/torso
500,QL_post_I_1-L3_l,QL_post_I_1-L3_l_tendon,torso,Muscle_Torso.xml,L,name,torso,L5_S1_FE|L5_S1_LB|L5_S1_AR,pelvis|lumbar3,QL_post_I_1-L3_l-P1|QL_post_I_1-L3_l-P2,True,,L/torso
501,QL_post_I_2-L4_l,QL_post_I_2-L4_l_tendon,torso,Muscle_Torso.xml,L,name,torso,L5_S1_FE|L5_S1_LB|L5_S1_AR,pelvis|lumbar4,QL_post_I_2-L4_l-P1|QL_post_I_2-L4_l-P2,True,,L/torso
502,QL_post_I_2-L3_l,QL_post_I_2-L3_l_tendon,torso,Muscle_Torso.xml,L,name,torso,L5_S1_FE|L5_S1_LB|L5_S1_AR,pelvis|lumbar3,QL_post_I_2-L3_l-P1|QL_post_I_2-L3_l-P2,True,,L/torso
503,QL_post_I_2-L2_l,QL_post_I_2-L2_l_tendon,torso,Muscle_Torso.xml,L,name,torso,L5_S1_FE|L5_S1_LB|L5_S1_AR,pelvis|lumbar2,QL_post_I_2-L2_l-P1|QL_post_I_2-L2_l-P2,True,,L/torso
504,QL_post_I_3-L1_l,QL_post_I_3-L1_l_tendon,torso,Muscle_Torso.xml,L,name,torso,L5_S1_FE|L5_S1_LB|L5_S1_AR,pelvis|lumbar1,QL_post_I_3-L1_l-P1|QL_post_I_3-L1_l-P2,True,,L/torso
505,QL_post_I_3-L2_l,QL_post_I_3-L2_l_tendon,torso,Muscle_Torso.xml,L,name,torso,L5_S1_FE|L5_S1_LB|L5_S1_AR,pelvis|lumbar2,QL_post_I_3-L2_l-P1|QL_post_I_3-L2_l-P2,True,,L/torso
506,QL_post_I_3-L3_l,QL_post_I_3-L3_l_tendon,torso,Muscle_Torso.xml,L,name,torso,L5_S1_FE|L5_S1_LB|L5_S1_AR,pelvis|lumbar3,QL_post_I_3-L3_l-P1|QL_post_I_3-L3_l-P2,True,,L/torso
507,QL_mid_L3-12_3_l,QL_mid_L3-12_3_l_tendon,torso,Muscle_Torso.xml,L,name,torso,T12_L1_FE|T12_L1_LB|T12_L1_AR,lumbar3|rib12_L,QL_mid_L3-12_3_l-P1|QL_mid_L3-12_3_l-P2,True,,L/torso
508,QL_mid_L3-12_2_l,QL_mid_L3-12_2_l_tendon,torso,Muscle_Torso.xml,L,name,torso,T12_L1_FE|T12_L1_LB|T12_L1_AR,lumbar3|rib12_L,QL_mid_L3-12_2_l-P1|QL_mid_L3-12_2_l-P2,True,,L/torso
509,QL_mid_L3-12_1_l,QL_mid_L3-12_1_l_tendon,torso,Muscle_Torso.xml,L,name,torso,T12_L1_FE|T12_L1_LB|T12_L1_AR,lumbar3|rib12_L,QL_mid_L3-12_1_l-P1|QL_mid_L3-12_1_l-P2,True,,L/torso
510,QL_mid_L2-12_1_l,QL_mid_L2-12_1_l_tendon,torso,Muscle_Torso.xml,L,name,torso,T12_L1_FE|T12_L1_LB|T12_L1_AR,lumbar2|rib12_L,QL_mid_L2-12_1_l-P1|QL_mid_L2-12_1_l-P2,True,,L/torso
511,QL_mid_L4-12_3_l,QL_mid_L4-12_3_l_tendon,torso,Muscle_Torso.xml,L,name,torso,T12_L1_FE|T12_L1_LB|T12_L1_AR,lumbar4|rib12_L,QL_mid_L4-12_3_l-P1|QL_mid_L4-12_3_l-P2,True,,L/torso
512,QL_ant_I_2-T12_l,QL_ant_I_2-T12_l_tendon,torso,Muscle_Torso.xml,L,name,torso,L5_S1_FE|L5_S1_LB|L5_S1_AR|T12_L1_FE|T12_L1_LB|T12_L1_AR,pelvis|thoracic12,QL_ant_I_2-T12_l-P1|QL_ant_I_2-T12_l-P2,True,,L/torso
513,QL_ant_I_3-T12_l,QL_ant_I_3-T12_l_tendon,torso,Muscle_Torso.xml,L,name,torso,L5_S1_FE|L5_S1_LB|L5_S1_AR|T12_L1_FE|T12_L1_LB|T12_L1_AR,pelvis|thoracic12,QL_ant_I_3-T12_l-P1|QL_ant_I_3-T12_l-P2,True,,L/torso
514,QL_ant_I_2-12_1_l,QL_ant_I_2-12_1_l_tendon,torso,Muscle_Torso.xml,L,name,torso,L5_S1_FE|L5_S1_LB|L5_S1_AR|T12_L1_FE|T12_L1_LB|T12_L1_AR,pelvis|rib12_L,QL_ant_I_2-12_1_l-P1|QL_ant_I_2-12_1_l-P2,True,,L/torso
515,QL_ant_I_3-12_1_l,QL_ant_I_3-12_1_l_tendon,torso,Muscle_Torso.xml,L,name,torso,L5_S1_FE|L5_S1_LB|L5_S1_AR|T12_L1_FE|T12_L1_LB|T12_L1_AR,pelvis|rib12_L,QL_ant_I_3-12_1_l-P1|QL_ant_I_3-12_1_l-P2,True,,L/torso
516,QL_ant_I_3-12_2_l,QL_ant_I_3-12_2_l_tendon,torso,Muscle_Torso.xml,L,name,torso,L5_S1_FE|L5_S1_LB|L5_S1_AR|T12_L1_FE|T12_L1_LB|T12_L1_AR,pelvis|rib12_L,QL_ant_I_3-12_2_l-P1|QL_ant_I_3-12_2_l-P2,True,,L/torso
517,QL_ant_I_3-12_3_l,QL_ant_I_3-12_3_l_tendon,torso,Muscle_Torso.xml,L,name,torso,L5_S1_FE|L5_S1_LB|L5_S1_AR|T12_L1_FE|T12_L1_LB|T12_L1_AR,pelvis|rib12_L,QL_ant_I_3-12_3_l-P1|QL_ant_I_3-12_3_l-P2,True,,L/torso
518,MF_m1s_l,MF_m1s_l_tendon,torso,Muscle_Torso.xml,L,name,,,lumbar4|lumbar1,MF_m1s_l-P1|MF_m1s_l-P2,True,未跨越可动关节（该体段在此模型中为刚性连接）,L/torso
519,MF_m1t_1_l,MF_m1t_1_l_tendon,torso,Muscle_Torso.xml,L,name,,,lumbar5|lumbar1,MF_m1t_1_l-P1|MF_m1t_1_l-P2,True,未跨越可动关节（该体段在此模型中为刚性连接）,L/torso
520,MF_m1t_2_l,MF_m1t_2_l_tendon,torso,Muscle_Torso.xml,L,name,torso,L5_S1_FE|L5_S1_LB|L5_S1_AR,sacrum|lumbar1,MF_m1t_2_l-P1|MF_m1t_2_l-P2,True,,L/torso
521,MF_m1t_3_l,MF_m1t_3_l_tendon,torso,Muscle_Torso.xml,L,name,torso,L5_S1_FE|L5_S1_LB|L5_S1_AR,pelvis|lumbar1,MF_m1t_3_l-P1|MF_m1t_3_l-P2,True,,L/torso
522,MF_m2s_l,MF_m2s_l_tendon,torso,Muscle_Torso.xml,L,name,,,lumbar5|lumbar2,MF_m2s_l-P1|MF_m2s_l-P2,True,未跨越可动关节（该体段在此模型中为刚性连接）,L/torso
523,MF_m2t_1_l,MF_m2t_1_l_tendon,torso,Muscle_Torso.xml,L,name,torso,L5_S1_FE|L5_S1_LB|L5_S1_AR,sacrum|lumbar2,MF_m2t_1_l-P1|MF_m2t_1_l-P2,True,,L/torso
524,MF_m2t_2_l,MF_m2t_2_l_tendon,torso,Muscle_Torso.xml,L,name,torso,L5_S1_FE|L5_S1_LB|L5_S1_AR,pelvis|lumbar2,MF_m2t_2_l-P1|MF_m2t_2_l-P2,True,,L/torso
525,MF_m2t_3_l,MF_m2t_3_l_tendon,torso,Muscle_Torso.xml,L,name,torso,L5_S1_FE|L5_S1_LB|L5_S1_AR,pelvis|lumbar2,MF_m2t_3_l-P1|MF_m2t_3_l-P2,True,,L/torso
526,MF_m3s_l,MF_m3s_l_tendon,torso,Muscle_Torso.xml,L,name,torso,L5_S1_FE|L5_S1_LB|L5_S1_AR,sacrum|lumbar3,MF_m3s_l-P1|MF_m3s_l-P2,True,,L/torso
527,MF_m3t_1_l,MF_m3t_1_l_tendon,torso,Muscle_Torso.xml,L,name,torso,L5_S1_FE|L5_S1_LB|L5_S1_AR,pelvis|lumbar3,MF_m3t_1_l-P1|MF_m3t_1_l-P2,True,,L/torso
528,MF_m3t_2_l,MF_m3t_2_l_tendon,torso,Muscle_Torso.xml,L,name,torso,L5_S1_FE|L5_S1_LB|L5_S1_AR,pelvis|lumbar3,MF_m3t_2_l-P1|MF_m3t_2_l-P2,True,,L/torso
529,MF_m3t_3_l,MF_m3t_3_l_tendon,torso,Muscle_Torso.xml,L,name,torso,L5_S1_FE|L5_S1_LB|L5_S1_AR,pelvis|lumbar3,MF_m3t_3_l-P1|MF_m3t_3_l-P2,True,,L/torso
530,MF_m4s_l,MF_m4s_l_tendon,torso,Muscle_Torso.xml,L,name,torso,L5_S1_FE|L5_S1_LB|L5_S1_AR,sacrum|lumbar4,MF_m4s_l-P1|MF_m4s_l-P2,True,,L/torso
531,MF_m4t_1_l,MF_m4t_1_l_tendon,torso,Muscle_Torso.xml,L,name,torso,L5_S1_FE|L5_S1_LB|L5_S1_AR,sacrum|lumbar4,MF_m4t_1_l-P1|MF_m4t_1_l-P2,True,,L/torso
532,MF_m4t_2_l,MF_m4t_2_l_tendon,torso,Muscle_Torso.xml,L,name,torso,L5_S1_FE|L5_S1_LB|L5_S1_AR,pelvis|lumbar4,MF_m4t_2_l-P1|MF_m4t_2_l-P2,True,,L/torso
533,MF_m4t_3_l,MF_m4t_3_l_tendon,torso,Muscle_Torso.xml,L,name,torso,L5_S1_FE|L5_S1_LB|L5_S1_AR,pelvis|lumbar4,MF_m4t_3_l-P1|MF_m4t_3_l-P2,True,,L/torso
534,MF_m5s_l,MF_m5s_l_tendon,torso,Muscle_Torso.xml,L,name,torso,L5_S1_FE|L5_S1_LB|L5_S1_AR,sacrum|lumbar5,MF_m5s_l-P1|MF_m5s_l-P2,True,,L/torso
535,MF_m5t_1_l,MF_m5t_1_l_tendon,torso,Muscle_Torso.xml,L,name,torso,L5_S1_FE|L5_S1_LB|L5_S1_AR,sacrum|lumbar5,MF_m5t_1_l-P1|MF_m5t_1_l-P2,True,,L/torso
536,MF_m5t_2_l,MF_m5t_2_l_tendon,torso,Muscle_Torso.xml,L,name,torso,L5_S1_FE|L5_S1_LB|L5_S1_AR,sacrum|lumbar5,MF_m5t_2_l-P1|MF_m5t_2_l-P2,True,,L/torso
537,MF_m5t_3_l,MF_m5t_3_l_tendon,torso,Muscle_Torso.xml,L,name,torso,L5_S1_FE|L5_S1_LB|L5_S1_AR,sacrum|lumbar5,MF_m5t_3_l-P1|MF_m5t_3_l-P2,True,,L/torso
538,MF_m1_laminar_l,MF_m1_laminar_l_tendon,torso,Muscle_Torso.xml,L,name,,,lumbar3|lumbar1,MF_m1_laminar_l-P1|MF_m1_laminar_l-P2,True,未跨越可动关节（该体段在此模型中为刚性连接）,L/torso
539,MF_m2_laminar_l,MF_m2_laminar_l_tendon,torso,Muscle_Torso.xml,L,name,,,lumbar4|lumbar2,MF_m2_laminar_l-P1|MF_m2_laminar_l-P2,True,未跨越可动关节（该体段在此模型中为刚性连接）,L/torso
540,MF_m3_laminar_l,MF_m3_laminar_l_tendon,torso,Muscle_Torso.xml,L,name,,,lumbar5|lumbar3,MF_m3_laminar_l-P1|MF_m3_laminar_l-P2,True,未跨越可动关节（该体段在此模型中为刚性连接）,L/torso
541,MF_m4_laminar_l,MF_m4_laminar_l_tendon,torso,Muscle_Torso.xml,L,name,torso,L5_S1_FE|L5_S1_LB|L5_S1_AR,sacrum|lumbar4,MF_m4_laminar_l-P1|MF_m4_laminar_l-P2,True,,L/torso
542,MF_m5_laminar_l,MF_m5_laminar_l_tendon,torso,Muscle_Torso.xml,L,name,torso,L5_S1_FE|L5_S1_LB|L5_S1_AR,pelvis|lumbar5,MF_m5_laminar_l-P1|MF_m5_laminar_l-P2,True,,L/torso
543,EO_R5_l,EO_R5_l_tendon,torso,Muscle_Torso.xml,L,name,torso,L5_S1_FE|L5_S1_LB|L5_S1_AR|T12_L1_FE|T12_L1_LB|T12_L1_AR,Abdomen|rib5_L,EO_R5_l-P1|EO_R5_l-P2,True,,L/torso
544,EO_R6_l,EO_R6_l_tendon,torso,Muscle_Torso.xml,L,name,torso,L5_S1_FE|L5_S1_LB|L5_S1_AR|T12_L1_FE|T12_L1_LB|T12_L1_AR,Abdomen|rib6_L,EO_R6_l-P1|EO_R6_l-P2,True,,L/torso
545,EO_R7_l,EO_R7_l_tendon,torso,Muscle_Torso.xml,L,name,torso,L5_S1_FE|L5_S1_LB|L5_S1_AR|T12_L1_FE|T12_L1_LB|T12_L1_AR,Abdomen|rib7_L,EO_R7_l-P1|EO_R7_l-P2,True,,L/torso
546,EO_R8_l,EO_R8_l_tendon,torso,Muscle_Torso.xml,L,name,torso,L5_S1_FE|L5_S1_LB|L5_S1_AR|T12_L1_FE|T12_L1_LB|T12_L1_AR,Abdomen|rib8_L,EO_R8_l-P1|EO_R8_l-P2,True,,L/torso
547,EO_R9_l,EO_R9_l_tendon,torso,Muscle_Torso.xml,L,name,torso,L5_S1_FE|L5_S1_LB|L5_S1_AR|T12_L1_FE|T12_L1_LB|T12_L1_AR,Abdomen|rib9_L,EO_R9_l-P1|EO_R9_l-P2,True,,L/torso
548,EO_R10_l,EO_R10_l_tendon,torso,Muscle_Torso.xml,L,name,torso,L5_S1_FE|L5_S1_LB|L5_S1_AR|T12_L1_FE|T12_L1_LB|T12_L1_AR,pelvis|rib10_L,EO_R10_l-P1|EO_R10_l-P2,True,,L/torso
549,EO_R11_l,EO_R11_l_tendon,torso,Muscle_Torso.xml,L,name,torso,L5_S1_FE|L5_S1_LB|L5_S1_AR|T12_L1_FE|T12_L1_LB|T12_L1_AR,pelvis|rib11_L,EO_R11_l-P1|EO_R11_l-P2,True,,L/torso
550,EO_R12_l,EO_R12_l_tendon,torso,Muscle_Torso.xml,L,name,torso,L5_S1_FE|L5_S1_LB|L5_S1_AR|T12_L1_FE|T12_L1_LB|T12_L1_AR,pelvis|rib12_L,EO_R12_l-P1|EO_R12_l-P2,True,,L/torso
551,IO1_l,IO1_l_tendon,torso,Muscle_Torso.xml,L,name,,,pelvis|Abdomen,IO1_l-P1|IO1_l-P2,True,未跨越可动关节（该体段在此模型中为刚性连接）,L/torso
552,IO2_l,IO2_l_tendon,torso,Muscle_Torso.xml,L,name,,,pelvis|Abdomen,IO2_l-P1|IO2_l-P2,True,未跨越可动关节（该体段在此模型中为刚性连接）,L/torso
553,IO3_l,IO3_l_tendon,torso,Muscle_Torso.xml,L,name,,,pelvis|Abdomen,IO3_l-P1|IO3_l-P2,True,未跨越可动关节（该体段在此模型中为刚性连接）,L/torso
554,IO4_l,IO4_l_tendon,torso,Muscle_Torso.xml,L,name,torso,L5_S1_FE|L5_S1_LB|L5_S1_AR|T12_L1_FE|T12_L1_LB|T12_L1_AR,pelvis|rib9_L,IO4_l-P1|IO4_l-P2,True,,L/torso
555,IO5_l,IO5_l_tendon,torso,Muscle_Torso.xml,L,name,torso,L5_S1_FE|L5_S1_LB|L5_S1_AR|T12_L1_FE|T12_L1_LB|T12_L1_AR,pelvis|rib10_L,IO5_l-P1|IO5_l-P2,True,,L/torso
556,IO6_l,IO6_l_tendon,torso,Muscle_Torso.xml,L,name,torso,L5_S1_FE|L5_S1_LB|L5_S1_AR|T12_L1_FE|T12_L1_LB|T12_L1_AR,pelvis|rib11_L,IO6_l-P1|IO6_l-P2,True,,L/torso
557,stern_mast_L,stern_mast_L_tendon,torso,Muscle_Torso.xml,L,name,torso,T1_head_neck_FE|T1_head_neck_LB|T1_head_neck_AR,head_neck|sternum,stern_mast_L-P1|stern_mast_L-P2,True,,L/torso
558,cleid_mast_L,cleid_mast_L_tendon,torso,Muscle_Torso.xml,L,name,upper|torso,T1_head_neck_FE|T1_head_neck_LB|T1_head_neck_AR|sternoclavicular_r2_l|sternoclavicular_r3_l,head_neck|clavicle_l,cleid_mast_L-P1|cleid_mast_L-P2,True,额外跨越 ['upper'],L/torso
559,cleid_occ_L,cleid_occ_L_tendon,torso,Muscle_Torso.xml,L,name,upper|torso,T1_head_neck_FE|T1_head_neck_LB|T1_head_neck_AR|sternoclavicular_r2_l|sternoclavicular_r3_l,head_neck|clavicle_l,cleid_occ_L-P1|cleid_occ_L-P2,True,额外跨越 ['upper'],L/torso
560,scalenus_ant_L,scalenus_ant_L_tendon,torso,Muscle_Torso.xml,L,name,torso,T1_head_neck_FE|T1_head_neck_LB|T1_head_neck_AR,head_neck|rib1_L,scalenus_ant_L-P1|scalenus_ant_L-P2,True,,L/torso
561,scalenus_med_L,scalenus_med_L_tendon,torso,Muscle_Torso.xml,L,name,torso,T1_head_neck_FE|T1_head_neck_LB|T1_head_neck_AR,head_neck|rib1_L,scalenus_med_L-P1|scalenus_med_L-P2,True,,L/torso
562,scalenus_post_L,scalenus_post_L_tendon,torso,Muscle_Torso.xml,L,name,torso,T1_head_neck_FE|T1_head_neck_LB|T1_head_neck_AR,head_neck|rib2_L,scalenus_post_L-P1|scalenus_post_L-P2,True,,L/torso
563,long_col_c1thx_L,long_col_c1thx_L_tendon,torso,Muscle_Torso.xml,L,name,torso,T1_head_neck_FE|T1_head_neck_LB|T1_head_neck_AR,thoracic3|head_neck,long_col_c1thx_L-P1|long_col_c1thx_L-P2|long_col_c1thx_L-P3|long_col_c1thx_L-P4|long_col_c1thx_L-P5|long_col_c1thx_L-P6|long_col_c1thx_L-P7|long_col_c1thx_L-P8,True,,L/torso
564,long_col_c5thx_L,long_col_c5thx_L_tendon,torso,Muscle_Torso.xml,L,name,torso,T1_head_neck_FE|T1_head_neck_LB|T1_head_neck_AR,thoracic3|thoracic2|thoracic1|head_neck,long_col_c5thx_L-P1|long_col_c5thx_L-P2|long_col_c5thx_L-P3|long_col_c5thx_L-P4|long_col_c5thx_L-P5|long_col_c5thx_L-P6|long_col_c5thx_L-P7|long_col_c5thx_L-P8,True,,L/torso
565,trap_cl_L,trap_cl_L_tendon,torso,Muscle_Torso.xml,L,name,upper|torso,T1_head_neck_FE|T1_head_neck_LB|T1_head_neck_AR|sternoclavicular_r2_l|sternoclavicular_r3_l,head_neck|clavicle_l,trap_cl_L-P1|trap_cl_L-P2,True,额外跨越 ['upper'],L/torso
566,trap_acr_scap_L,trap_acr_scap_L_tendon,torso,Muscle_Torso.xml,L,name,upper|torso,T1_head_neck_FE|T1_head_neck_LB|T1_head_neck_AR|sternoclavicular_r2_l|sternoclavicular_r3_l|unrotscap_r3_l|unrotscap_r2_l|acromioclavicular_r2_l|acromioclavicular_r3_l|acromioclavicular_r1_l,head_neck|scapula_l,trap_acr_scap_L-P1|trap_acr_scap_L-P2,True,额外跨越 ['upper'],L/torso
567,trap_acr_T1_L,trap_acr_T1_L_tendon,torso,Muscle_Torso.xml,L,name,upper,sternoclavicular_r2_l|sternoclavicular_r3_l|unrotscap_r3_l|unrotscap_r2_l|acromioclavicular_r2_l|acromioclavicular_r3_l|acromioclavicular_r1_l,thoracic1|scapula_l,trap_acr_T1_L-P1|trap_acr_T1_L-P2|trap_acr_T1_L-P3,False,跨关节(['upper']) 不含权威分组 torso,L/torso
568,trap_acr_T2_L,trap_acr_T2_L_tendon,torso,Muscle_Torso.xml,L,name,upper,sternoclavicular_r2_l|sternoclavicular_r3_l|unrotscap_r3_l|unrotscap_r2_l|acromioclavicular_r2_l|acromioclavicular_r3_l|acromioclavicular_r1_l,thoracic2|scapula_l,trap_acr_T2_L-P1|trap_acr_T2_L-P2|trap_acr_T2_L-P3,False,跨关节(['upper']) 不含权威分组 torso,L/torso
569,trap_acr_T3_L,trap_acr_T3_L_tendon,torso,Muscle_Torso.xml,L,name,upper,sternoclavicular_r2_l|sternoclavicular_r3_l|unrotscap_r3_l|unrotscap_r2_l|acromioclavicular_r2_l|acromioclavicular_r3_l|acromioclavicular_r1_l,thoracic3|scapula_l,trap_acr_T3_L-P1|trap_acr_T3_L-P2|trap_acr_T3_L-P3,False,跨关节(['upper']) 不含权威分组 torso,L/torso
570,trap_inf_T4_L,trap_inf_T4_L_tendon,torso,Muscle_Torso.xml,L,name,upper,sternoclavicular_r2_l|sternoclavicular_r3_l|unrotscap_r3_l|unrotscap_r2_l|acromioclavicular_r2_l|acromioclavicular_r3_l|acromioclavicular_r1_l,thoracic4|scapula_l,trap_inf_T4_L-P1|trap_inf_T4_L-P2|trap_inf_T4_L-P3,False,跨关节(['upper']) 不含权威分组 torso,L/torso
571,trap_inf_T5_L,trap_inf_T5_L_tendon,torso,Muscle_Torso.xml,L,name,upper,sternoclavicular_r2_l|sternoclavicular_r3_l|unrotscap_r3_l|unrotscap_r2_l|acromioclavicular_r2_l|acromioclavicular_r3_l|acromioclavicular_r1_l,thoracic5|scapula_l,trap_inf_T5_L-P1|trap_inf_T5_L-P2|trap_inf_T5_L-P3,False,跨关节(['upper']) 不含权威分组 torso,L/torso
572,trap_inf_T6_L,trap_inf_T6_L_tendon,torso,Muscle_Torso.xml,L,name,upper,sternoclavicular_r2_l|sternoclavicular_r3_l|unrotscap_r3_l|unrotscap_r2_l|acromioclavicular_r2_l|acromioclavicular_r3_l|acromioclavicular_r1_l,thoracic6|scapula_l,trap_inf_T6_L-P1|trap_inf_T6_L-P2|trap_inf_T6_L-P3,False,跨关节(['upper']) 不含权威分组 torso,L/torso
573,trap_inf_T7_L,trap_inf_T7_L_tendon,torso,Muscle_Torso.xml,L,name,upper,sternoclavicular_r2_l|sternoclavicular_r3_l|unrotscap_r3_l|unrotscap_r2_l|acromioclavicular_r2_l|acromioclavicular_r3_l|acromioclavicular_r1_l,thoracic7|scapula_l,trap_inf_T7_L-P1|trap_inf_T7_L-P2|trap_inf_T7_L-P3,False,跨关节(['upper']) 不含权威分组 torso,L/torso
574,trap_inf_T8_L,trap_inf_T8_L_tendon,torso,Muscle_Torso.xml,L,name,upper,sternoclavicular_r2_l|sternoclavicular_r3_l|unrotscap_r3_l|unrotscap_r2_l|acromioclavicular_r2_l|acromioclavicular_r3_l|acromioclavicular_r1_l,thoracic8|scapula_l,trap_inf_T8_L-P1|trap_inf_T8_L-P2|trap_inf_T8_L-P3,False,跨关节(['upper']) 不含权威分组 torso,L/torso
575,trap_inf_T9_L,trap_inf_T9_L_tendon,torso,Muscle_Torso.xml,L,name,upper,sternoclavicular_r2_l|sternoclavicular_r3_l|unrotscap_r3_l|unrotscap_r2_l|acromioclavicular_r2_l|acromioclavicular_r3_l|acromioclavicular_r1_l,thoracic9|scapula_l,trap_inf_T9_L-P1|trap_inf_T9_L-P2|trap_inf_T9_L-P3,False,跨关节(['upper']) 不含权威分组 torso,L/torso
576,trap_inf_T10_L,trap_inf_T10_L_tendon,torso,Muscle_Torso.xml,L,name,upper,sternoclavicular_r2_l|sternoclavicular_r3_l|unrotscap_r3_l|unrotscap_r2_l|acromioclavicular_r2_l|acromioclavicular_r3_l|acromioclavicular_r1_l,thoracic10|scapula_l|rib8_L,trap_inf_T10_L-P1|trap_inf_T10_L-P2|trap_inf_T10_L-P3|trap_inf_T10_L-P4,False,跨关节(['upper']) 不含权威分组 torso,L/torso
577,trap_inf_T11_L,trap_inf_T11_L_tendon,torso,Muscle_Torso.xml,L,name,upper,sternoclavicular_r2_l|sternoclavicular_r3_l|unrotscap_r3_l|unrotscap_r2_l|acromioclavicular_r2_l|acromioclavicular_r3_l|acromioclavicular_r1_l,thoracic11|scapula_l|rib8_L|rib9_L,trap_inf_T11_L-P1|trap_inf_T11_L-P2|trap_inf_T11_L-P3|trap_inf_T11_L-P4|trap_inf_T11_L-P5,False,跨关节(['upper']) 不含权威分组 torso,L/torso
578,trap_inf_T12_L,trap_inf_T12_L_tendon,torso,Muscle_Torso.xml,L,name,upper,sternoclavicular_r2_l|sternoclavicular_r3_l|unrotscap_r3_l|unrotscap_r2_l|acromioclavicular_r2_l|acromioclavicular_r3_l|acromioclavicular_r1_l,thoracic12|scapula_l|rib8_L|rib9_L|rib10_L,trap_inf_T12_L-P1|trap_inf_T12_L-P2|trap_inf_T12_L-P3|trap_inf_T12_L-P4|trap_inf_T12_L-P5|trap_inf_T12_L-P6,False,跨关节(['upper']) 不含权威分组 torso,L/torso
579,splen_cap_skl_T1_L,splen_cap_skl_T1_L_tendon,torso,Muscle_Torso.xml,L,name,torso,T1_head_neck_FE|T1_head_neck_LB|T1_head_neck_AR,thoracic1|head_neck,splen_cap_skl_T1_L-P1|splen_cap_skl_T1_L-P2,True,,L/torso
580,splen_cap_skl_T2_L,splen_cap_skl_T2_L_tendon,torso,Muscle_Torso.xml,L,name,torso,T1_head_neck_FE|T1_head_neck_LB|T1_head_neck_AR,thoracic2|head_neck,splen_cap_skl_T2_L-P1|splen_cap_skl_T2_L-P2,True,,L/torso
581,splen_cerv_c3_T3_L,splen_cerv_c3_T3_L_tendon,torso,Muscle_Torso.xml,L,name,torso,T1_head_neck_FE|T1_head_neck_LB|T1_head_neck_AR,thoracic3|head_neck,splen_cerv_c3_T3_L-P1|splen_cerv_c3_T3_L-P2,True,,L/torso
582,splen_cerv_c3_T4_L,splen_cerv_c3_T4_L_tendon,torso,Muscle_Torso.xml,L,name,torso,T1_head_neck_FE|T1_head_neck_LB|T1_head_neck_AR,thoracic4|head_neck,splen_cerv_c3_T4_L-P1|splen_cerv_c3_T4_L-P2,True,,L/torso
583,splen_cerv_c3_T5_L,splen_cerv_c3_T5_L_tendon,torso,Muscle_Torso.xml,L,name,torso,T1_head_neck_FE|T1_head_neck_LB|T1_head_neck_AR,thoracic5|head_neck,splen_cerv_c3_T5_L-P1|splen_cerv_c3_T5_L-P2,True,,L/torso
584,splen_cerv_c3_T6_L,splen_cerv_c3_T6_L_tendon,torso,Muscle_Torso.xml,L,name,torso,T1_head_neck_FE|T1_head_neck_LB|T1_head_neck_AR,thoracic6|head_neck,splen_cerv_c3_T6_L-P1|splen_cerv_c3_T6_L-P2,True,,L/torso
585,semi_cap_sklthx_L,semi_cap_sklthx_L_tendon,torso,Muscle_Torso.xml,L,name,torso,T1_head_neck_FE|T1_head_neck_LB|T1_head_neck_AR,thoracic1|head_neck,semi_cap_sklthx_L-P1|semi_cap_sklthx_L-P2,True,,L/torso
586,semi_cerv_c3thx_L,semi_cerv_c3thx_L_tendon,torso,Muscle_Torso.xml,L,name,torso,T1_head_neck_FE|T1_head_neck_LB|T1_head_neck_AR,thoracic2|head_neck,semi_cerv_c3thx_L-P1|semi_cerv_c3thx_L-P2,True,,L/torso
587,levator_scap_L,levator_scap_L_tendon,torso,Muscle_Torso.xml,L,name,upper|torso,T1_head_neck_FE|T1_head_neck_LB|T1_head_neck_AR|sternoclavicular_r2_l|sternoclavicular_r3_l|unrotscap_r3_l|unrotscap_r2_l|acromioclavicular_r2_l|acromioclavicular_r3_l|acromioclavicular_r1_l,head_neck|scapula_l,levator_scap_L-P1|levator_scap_L-P2,True,额外跨越 ['upper'],L/torso
588,longissi_cerv_c4thx_L,longissi_cerv_c4thx_L_tendon,torso,Muscle_Torso.xml,L,name,torso,T1_head_neck_FE|T1_head_neck_LB|T1_head_neck_AR,thoracic5|thoracic4|thoracic3|thoracic1|head_neck,longissi_cerv_c4thx_L-P1|longissi_cerv_c4thx_L-P2|longissi_cerv_c4thx_L-P3|longissi_cerv_c4thx_L-P4|longissi_cerv_c4thx_L-P5,True,,L/torso
589,iliocost_cerv_c5rib_L,iliocost_cerv_c5rib_L_tendon,torso,Muscle_Torso.xml,L,name,torso,T1_head_neck_FE|T1_head_neck_LB|T1_head_neck_AR,thoracic1|head_neck|rib3_L,iliocost_cerv_c5rib_L-P1|iliocost_cerv_c5rib_L-P2|iliocost_cerv_c5rib_L-P3,True,,L/torso
590,supmult-T1-C4_L,supmult-T1-C4_L_tendon,torso,Muscle_Torso.xml,L,name,torso,T1_head_neck_FE|T1_head_neck_LB|T1_head_neck_AR,thoracic1|head_neck,supmult-T1-C4_L-P1|supmult-T1-C4_L-P2,True,,L/torso
591,supmult-T1-C5_L,supmult-T1-C5_L_tendon,torso,Muscle_Torso.xml,L,name,torso,T1_head_neck_FE|T1_head_neck_LB|T1_head_neck_AR,thoracic1|head_neck,supmult-T1-C5_L-P1|supmult-T1-C5_L-P2,True,,L/torso
592,supmult-T2-C6_L,supmult-T2-C6_L_tendon,torso,Muscle_Torso.xml,L,name,torso,T1_head_neck_FE|T1_head_neck_LB|T1_head_neck_AR,thoracic2|head_neck,supmult-T2-C6_L-P1|supmult-T2-C6_L-P2,True,,L/torso
593,deepmult-T1-C5_L,deepmult-T1-C5_L_tendon,torso,Muscle_Torso.xml,L,name,torso,T1_head_neck_FE|T1_head_neck_LB|T1_head_neck_AR,thoracic1|head_neck,deepmult-T1-C5_L-P1|deepmult-T1-C5_L-P2,True,,L/torso
594,deepmult-T1-C6_L,deepmult-T1-C6_L_tendon,torso,Muscle_Torso.xml,L,name,torso,T1_head_neck_FE|T1_head_neck_LB|T1_head_neck_AR,thoracic1|head_neck,deepmult-T1-C6_L-P1|deepmult-T1-C6_L-P2,True,,L/torso
595,deepmult-T2-C7_L,deepmult-T2-C7_L_tendon,torso,Muscle_Torso.xml,L,name,torso,T1_head_neck_FE|T1_head_neck_LB|T1_head_neck_AR,thoracic2|head_neck,deepmult-T2-C7_L-P1|deepmult-T2-C7_L-P2,True,,L/torso
596,deepmult-T2-T1_L,deepmult-T2-T1_L_tendon,torso,Muscle_Torso.xml,L,name,,,thoracic2|thoracic1,deepmult-T2-T1_L-P1|deepmult-T2-T1_L-P2,True,未跨越可动关节（该体段在此模型中为刚性连接）,L/torso
597,multifidus_L2_T12_L,multifidus_L2_T12_L_tendon,torso,Muscle_Torso.xml,L,name,torso,T12_L1_FE|T12_L1_LB|T12_L1_AR,lumbar2|thoracic12,multifidus_L2_T12_L-P1|multifidus_L2_T12_L-P2,True,,L/torso
598,multifidus_L1_T11_L,multifidus_L1_T11_L_tendon,torso,Muscle_Torso.xml,L,name,torso,T12_L1_FE|T12_L1_LB|T12_L1_AR,lumbar1|thoracic11,multifidus_L1_T11_L-P1|multifidus_L1_T11_L-P2,True,,L/torso
599,multifidus_T12_T10_L,multifidus_T12_T10_L_tendon,torso,Muscle_Torso.xml,L,name,,,thoracic12|thoracic10,multifidus_T12_T10_L-P1|multifidus_T12_T10_L-P2,True,未跨越可动关节（该体段在此模型中为刚性连接）,L/torso
600,multifidus_T11_T9_L,multifidus_T11_T9_L_tendon,torso,Muscle_Torso.xml,L,name,,,thoracic11|thoracic9,multifidus_T11_T9_L-P1|multifidus_T11_T9_L-P2,True,未跨越可动关节（该体段在此模型中为刚性连接）,L/torso
601,multifidus_T10_T8_L,multifidus_T10_T8_L_tendon,torso,Muscle_Torso.xml,L,name,,,thoracic10|thoracic8,multifidus_T10_T8_L-P1|multifidus_T10_T8_L-P2,True,未跨越可动关节（该体段在此模型中为刚性连接）,L/torso
602,multifidus_T9_T7_L,multifidus_T9_T7_L_tendon,torso,Muscle_Torso.xml,L,name,,,thoracic9|thoracic7,multifidus_T9_T7_L-P1|multifidus_T9_T7_L-P2,True,未跨越可动关节（该体段在此模型中为刚性连接）,L/torso
603,multifidus_T8_T6_L,multifidus_T8_T6_L_tendon,torso,Muscle_Torso.xml,L,name,,,thoracic8|thoracic6,multifidus_T8_T6_L-P1|multifidus_T8_T6_L-P2,True,未跨越可动关节（该体段在此模型中为刚性连接）,L/torso
604,multifidus_T7_T5_L,multifidus_T7_T5_L_tendon,torso,Muscle_Torso.xml,L,name,,,thoracic7|thoracic5,multifidus_T7_T5_L-P1|multifidus_T7_T5_L-P2,True,未跨越可动关节（该体段在此模型中为刚性连接）,L/torso
605,multifidus_T6_T4_L,multifidus_T6_T4_L_tendon,torso,Muscle_Torso.xml,L,name,,,thoracic6|thoracic4,multifidus_T6_T4_L-P1|multifidus_T6_T4_L-P2,True,未跨越可动关节（该体段在此模型中为刚性连接）,L/torso
606,multifidus_T5_T3_L,multifidus_T5_T3_L_tendon,torso,Muscle_Torso.xml,L,name,,,thoracic5|thoracic3,multifidus_T5_T3_L-P1|multifidus_T5_T3_L-P2,True,未跨越可动关节（该体段在此模型中为刚性连接）,L/torso
607,multifidus_T4_T2_L,multifidus_T4_T2_L_tendon,torso,Muscle_Torso.xml,L,name,,,thoracic4|thoracic2,multifidus_T4_T2_L-P1|multifidus_T4_T2_L-P2,True,未跨越可动关节（该体段在此模型中为刚性连接）,L/torso
608,multifidus_T3_T1_L,multifidus_T3_T1_L_tendon,torso,Muscle_Torso.xml,L,name,,,thoracic3|thoracic1,multifidus_T3_T1_L-P1|multifidus_T3_T1_L-P2,True,未跨越可动关节（该体段在此模型中为刚性连接）,L/torso
609,SerrAnt1_1_L,SerrAnt1_1_L_tendon,torso,Muscle_Torso.xml,L,name,upper,sternoclavicular_r2_l|sternoclavicular_r3_l|unrotscap_r3_l|unrotscap_r2_l|acromioclavicular_r2_l|acromioclavicular_r3_l|acromioclavicular_r1_l,scapula_l|rib1_L,SerrAnt1_1_L-P1|SerrAnt1_1_L-P2|SerrAnt1_1_L-P3|SerrAnt1_1_L-P4|SerrAnt1_1_L-P5|SerrAnt1_1_L-P6,False,跨关节(['upper']) 不含权威分组 torso,L/torso
610,SerrAnt2_1_L,SerrAnt2_1_L_tendon,torso,Muscle_Torso.xml,L,name,upper,sternoclavicular_r2_l|sternoclavicular_r3_l|unrotscap_r3_l|unrotscap_r2_l|acromioclavicular_r2_l|acromioclavicular_r3_l|acromioclavicular_r1_l,scapula_l|rib2_L,SerrAnt2_1_L-P1|SerrAnt2_1_L-P2|SerrAnt2_1_L-P3|SerrAnt2_1_L-P4|SerrAnt2_1_L-P5|SerrAnt2_1_L-P6,False,跨关节(['upper']) 不含权威分组 torso,L/torso
611,SerrAnt2_2_L,SerrAnt2_2_L_tendon,torso,Muscle_Torso.xml,L,name,upper,sternoclavicular_r2_l|sternoclavicular_r3_l|unrotscap_r3_l|unrotscap_r2_l|acromioclavicular_r2_l|acromioclavicular_r3_l|acromioclavicular_r1_l,scapula_l|rib2_L,SerrAnt2_2_L-P1|SerrAnt2_2_L-P2|SerrAnt2_2_L-P3|SerrAnt2_2_L-P4|SerrAnt2_2_L-P5|SerrAnt2_2_L-P6,False,跨关节(['upper']) 不含权威分组 torso,L/torso
612,SerrAnt3_1_L,SerrAnt3_1_L_tendon,torso,Muscle_Torso.xml,L,name,upper,sternoclavicular_r2_l|sternoclavicular_r3_l|unrotscap_r3_l|unrotscap_r2_l|acromioclavicular_r2_l|acromioclavicular_r3_l|acromioclavicular_r1_l,scapula_l|rib3_L,SerrAnt3_1_L-P1|SerrAnt3_1_L-P2|SerrAnt3_1_L-P3|SerrAnt3_1_L-P4|SerrAnt3_1_L-P5|SerrAnt3_1_L-P6|SerrAnt3_1_L-P7|SerrAnt3_1_L-P8|SerrAnt3_1_L-P9,False,跨关节(['upper']) 不含权威分组 torso,L/torso
613,SerrAnt4_1_L,SerrAnt4_1_L_tendon,torso,Muscle_Torso.xml,L,name,upper,sternoclavicular_r2_l|sternoclavicular_r3_l|unrotscap_r3_l|unrotscap_r2_l|acromioclavicular_r2_l|acromioclavicular_r3_l|acromioclavicular_r1_l,scapula_l|rib4_L,SerrAnt4_1_L-P1|SerrAnt4_1_L-P2|SerrAnt4_1_L-P3|SerrAnt4_1_L-P4|SerrAnt4_1_L-P5|SerrAnt4_1_L-P6|SerrAnt4_1_L-P7|SerrAnt4_1_L-P8|SerrAnt4_1_L-P9,False,跨关节(['upper']) 不含权威分组 torso,L/torso
614,SerrAnt5_1_L,SerrAnt5_1_L_tendon,torso,Muscle_Torso.xml,L,name,upper,sternoclavicular_r2_l|sternoclavicular_r3_l|unrotscap_r3_l|unrotscap_r2_l|acromioclavicular_r2_l|acromioclavicular_r3_l|acromioclavicular_r1_l,scapula_l|rib5_L,SerrAnt5_1_L-P1|SerrAnt5_1_L-P2|SerrAnt5_1_L-P3|SerrAnt5_1_L-P4|SerrAnt5_1_L-P5|SerrAnt5_1_L-P6|SerrAnt5_1_L-P7|SerrAnt5_1_L-P8|SerrAnt5_1_L-P9,False,跨关节(['upper']) 不含权威分组 torso,L/torso
615,SerrAnt6_1_L,SerrAnt6_1_L_tendon,torso,Muscle_Torso.xml,L,name,upper,sternoclavicular_r2_l|sternoclavicular_r3_l|unrotscap_r3_l|unrotscap_r2_l|acromioclavicular_r2_l|acromioclavicular_r3_l|acromioclavicular_r1_l,scapula_l|rib6_L,SerrAnt6_1_L-P1|SerrAnt6_1_L-P2|SerrAnt6_1_L-P3|SerrAnt6_1_L-P4|SerrAnt6_1_L-P5|SerrAnt6_1_L-P6|SerrAnt6_1_L-P7|SerrAnt6_1_L-P8|SerrAnt6_1_L-P9,False,跨关节(['upper']) 不含权威分组 torso,L/torso
616,SerrAnt7_1_L,SerrAnt7_1_L_tendon,torso,Muscle_Torso.xml,L,name,upper,sternoclavicular_r2_l|sternoclavicular_r3_l|unrotscap_r3_l|unrotscap_r2_l|acromioclavicular_r2_l|acromioclavicular_r3_l|acromioclavicular_r1_l,scapula_l|rib7_L,SerrAnt7_1_L-P1|SerrAnt7_1_L-P2|SerrAnt7_1_L-P3|SerrAnt7_1_L-P4|SerrAnt7_1_L-P5|SerrAnt7_1_L-P6|SerrAnt7_1_L-P7|SerrAnt7_1_L-P8|SerrAnt7_1_L-P9,False,跨关节(['upper']) 不含权威分组 torso,L/torso
617,SerrAnt8_1_L,SerrAnt8_1_L_tendon,torso,Muscle_Torso.xml,L,name,upper,sternoclavicular_r2_l|sternoclavicular_r3_l|unrotscap_r3_l|unrotscap_r2_l|acromioclavicular_r2_l|acromioclavicular_r3_l|acromioclavicular_r1_l,scapula_l|rib8_L,SerrAnt8_1_L-P1|SerrAnt8_1_L-P2|SerrAnt8_1_L-P3|SerrAnt8_1_L-P4|SerrAnt8_1_L-P5|SerrAnt8_1_L-P6|SerrAnt8_1_L-P7|SerrAnt8_1_L-P8|SerrAnt8_1_L-P9,False,跨关节(['upper']) 不含权威分组 torso,L/torso
618,SerrAnt9_1_L,SerrAnt9_1_L_tendon,torso,Muscle_Torso.xml,L,name,upper,sternoclavicular_r2_l|sternoclavicular_r3_l|unrotscap_r3_l|unrotscap_r2_l|acromioclavicular_r2_l|acromioclavicular_r3_l|acromioclavicular_r1_l,scapula_l|rib9_L,SerrAnt9_1_L-P1|SerrAnt9_1_L-P2|SerrAnt9_1_L-P3|SerrAnt9_1_L-P4|SerrAnt9_1_L-P5|SerrAnt9_1_L-P6|SerrAnt9_1_L-P7|SerrAnt9_1_L-P8|SerrAnt9_1_L-P9,False,跨关节(['upper']) 不含权威分组 torso,L/torso
619,TR1_l,TR1_l_tendon,torso,Muscle_Torso.xml,L,name,torso,L5_S1_FE|L5_S1_LB|L5_S1_AR|T12_L1_FE|T12_L1_LB|T12_L1_AR,Abdomen|rib9_L,TR1_l-P1|TR1_l-P2,True,,L/torso
620,TR2_l,TR2_l_tendon,torso,Muscle_Torso.xml,L,name,torso,L5_S1_FE|L5_S1_LB|L5_S1_AR,Abdomen|lumbar2,TR2_l-P1|TR2_l-P2,True,,L/torso
621,TR3_l,TR3_l_tendon,torso,Muscle_Torso.xml,L,name,torso,L5_S1_FE|L5_S1_LB|L5_S1_AR,Abdomen|lumbar3,TR3_l-P1|TR3_l-P2,True,,L/torso
622,TR4_l,TR4_l_tendon,torso,Muscle_Torso.xml,L,name,torso,L5_S1_FE|L5_S1_LB|L5_S1_AR,Abdomen|lumbar4,TR4_l-P1|TR4_l-P2,True,,L/torso
623,TR5_l,TR5_l_tendon,torso,Muscle_Torso.xml,L,name,torso,L5_S1_FE|L5_S1_LB|L5_S1_AR,pelvis|Abdomen|lumbar5,TR5_l-P1|TR5_l-P2,True,,L/torso
624,ExtIC_IS1_1_L,ExtIC_IS1_1_L_tendon,torso,Muscle_Torso.xml,L,name,,,rib1_L|rib2_L,ExtIC_IS1_1_L-P1|ExtIC_IS1_1_L-P2,True,未跨越可动关节（该体段在此模型中为刚性连接）,L/torso
625,ExtIC_IS1_3_L,ExtIC_IS1_3_L_tendon,torso,Muscle_Torso.xml,L,name,,,rib1_L|rib2_L,ExtIC_IS1_3_L-P1|ExtIC_IS1_3_L-P2,True,未跨越可动关节（该体段在此模型中为刚性连接）,L/torso
626,ExtIC_IS1_5_L,ExtIC_IS1_5_L_tendon,torso,Muscle_Torso.xml,L,name,,,rib1_L|rib2_L,ExtIC_IS1_5_L-P1|ExtIC_IS1_5_L-P2,True,未跨越可动关节（该体段在此模型中为刚性连接）,L/torso
627,ExtIC_IS2_1_L,ExtIC_IS2_1_L_tendon,torso,Muscle_Torso.xml,L,name,,,rib2_L|rib3_L,ExtIC_IS2_1_L-P1|ExtIC_IS2_1_L-P2,True,未跨越可动关节（该体段在此模型中为刚性连接）,L/torso
628,ExtIC_IS2_3_L,ExtIC_IS2_3_L_tendon,torso,Muscle_Torso.xml,L,name,,,rib2_L|rib3_L,ExtIC_IS2_3_L-P1|ExtIC_IS2_3_L-P2,True,未跨越可动关节（该体段在此模型中为刚性连接）,L/torso
629,ExtIC_IS2_5_L,ExtIC_IS2_5_L_tendon,torso,Muscle_Torso.xml,L,name,,,rib2_L|rib3_L,ExtIC_IS2_5_L-P1|ExtIC_IS2_5_L-P2,True,未跨越可动关节（该体段在此模型中为刚性连接）,L/torso
630,ExtIC_IS2_7_L,ExtIC_IS2_7_L_tendon,torso,Muscle_Torso.xml,L,name,,,rib2_L|rib3_L,ExtIC_IS2_7_L-P1|ExtIC_IS2_7_L-P2,True,未跨越可动关节（该体段在此模型中为刚性连接）,L/torso
631,ExtIC_IS3_1_L,ExtIC_IS3_1_L_tendon,torso,Muscle_Torso.xml,L,name,,,rib3_L|rib4_L,ExtIC_IS3_1_L-P1|ExtIC_IS3_1_L-P2,True,未跨越可动关节（该体段在此模型中为刚性连接）,L/torso
632,ExtIC_IS3_3_L,ExtIC_IS3_3_L_tendon,torso,Muscle_Torso.xml,L,name,,,rib3_L|rib4_L,ExtIC_IS3_3_L-P1|ExtIC_IS3_3_L-P2,True,未跨越可动关节（该体段在此模型中为刚性连接）,L/torso
633,ExtIC_IS3_5_L,ExtIC_IS3_5_L_tendon,torso,Muscle_Torso.xml,L,name,,,rib3_L|rib4_L,ExtIC_IS3_5_L-P1|ExtIC_IS3_5_L-P2,True,未跨越可动关节（该体段在此模型中为刚性连接）,L/torso
634,ExtIC_IS3_7_L,ExtIC_IS3_7_L_tendon,torso,Muscle_Torso.xml,L,name,,,rib3_L|rib4_L,ExtIC_IS3_7_L-P1|ExtIC_IS3_7_L-P2,True,未跨越可动关节（该体段在此模型中为刚性连接）,L/torso
635,ExtIC_IS4_1_L,ExtIC_IS4_1_L_tendon,torso,Muscle_Torso.xml,L,name,,,rib4_L|rib5_L,ExtIC_IS4_1_L-P1|ExtIC_IS4_1_L-P2,True,未跨越可动关节（该体段在此模型中为刚性连接）,L/torso
636,ExtIC_IS4_3_L,ExtIC_IS4_3_L_tendon,torso,Muscle_Torso.xml,L,name,,,rib4_L|rib5_L,ExtIC_IS4_3_L-P1|ExtIC_IS4_3_L-P2,True,未跨越可动关节（该体段在此模型中为刚性连接）,L/torso
637,ExtIC_IS4_5_L,ExtIC_IS4_5_L_tendon,torso,Muscle_Torso.xml,L,name,,,rib4_L|rib5_L,ExtIC_IS4_5_L-P1|ExtIC_IS4_5_L-P2,True,未跨越可动关节（该体段在此模型中为刚性连接）,L/torso
638,ExtIC_IS4_7_L,ExtIC_IS4_7_L_tendon,torso,Muscle_Torso.xml,L,name,,,rib4_L|rib5_L,ExtIC_IS4_7_L-P1|ExtIC_IS4_7_L-P2,True,未跨越可动关节（该体段在此模型中为刚性连接）,L/torso
639,ExtIC_IS5_1_L,ExtIC_IS5_1_L_tendon,torso,Muscle_Torso.xml,L,name,,,rib5_L|rib6_L,ExtIC_IS5_1_L-P1|ExtIC_IS5_1_L-P2,True,未跨越可动关节（该体段在此模型中为刚性连接）,L/torso
640,ExtIC_IS5_3_L,ExtIC_IS5_3_L_tendon,torso,Muscle_Torso.xml,L,name,,,rib5_L|rib6_L,ExtIC_IS5_3_L-P1|ExtIC_IS5_3_L-P2,True,未跨越可动关节（该体段在此模型中为刚性连接）,L/torso
641,ExtIC_IS5_5_L,ExtIC_IS5_5_L_tendon,torso,Muscle_Torso.xml,L,name,,,rib5_L|rib6_L,ExtIC_IS5_5_L-P1|ExtIC_IS5_5_L-P2,True,未跨越可动关节（该体段在此模型中为刚性连接）,L/torso
642,ExtIC_IS5_7_L,ExtIC_IS5_7_L_tendon,torso,Muscle_Torso.xml,L,name,,,rib5_L|rib6_L,ExtIC_IS5_7_L-P1|ExtIC_IS5_7_L-P2,True,未跨越可动关节（该体段在此模型中为刚性连接）,L/torso
643,ExtIC_IS6_1_L,ExtIC_IS6_1_L_tendon,torso,Muscle_Torso.xml,L,name,,,rib6_L|rib7_L,ExtIC_IS6_1_L-P1|ExtIC_IS6_1_L-P2,True,未跨越可动关节（该体段在此模型中为刚性连接）,L/torso
644,ExtIC_IS6_3_L,ExtIC_IS6_3_L_tendon,torso,Muscle_Torso.xml,L,name,,,rib6_L|rib7_L,ExtIC_IS6_3_L-P1|ExtIC_IS6_3_L-P2,True,未跨越可动关节（该体段在此模型中为刚性连接）,L/torso
645,ExtIC_IS6_5_L,ExtIC_IS6_5_L_tendon,torso,Muscle_Torso.xml,L,name,,,rib6_L|rib7_L,ExtIC_IS6_5_L-P1|ExtIC_IS6_5_L-P2,True,未跨越可动关节（该体段在此模型中为刚性连接）,L/torso
646,ExtIC_IS6_7_L,ExtIC_IS6_7_L_tendon,torso,Muscle_Torso.xml,L,name,,,rib6_L|rib7_L,ExtIC_IS6_7_L-P1|ExtIC_IS6_7_L-P2,True,未跨越可动关节（该体段在此模型中为刚性连接）,L/torso
647,ExtIC_IS7_1_L,ExtIC_IS7_1_L_tendon,torso,Muscle_Torso.xml,L,name,,,rib7_L|rib8_L,ExtIC_IS7_1_L-P1|ExtIC_IS7_1_L-P2,True,未跨越可动关节（该体段在此模型中为刚性连接）,L/torso
648,ExtIC_IS7_3_L,ExtIC_IS7_3_L_tendon,torso,Muscle_Torso.xml,L,name,,,rib7_L|rib8_L,ExtIC_IS7_3_L-P1|ExtIC_IS7_3_L-P2,True,未跨越可动关节（该体段在此模型中为刚性连接）,L/torso
649,ExtIC_IS7_5_L,ExtIC_IS7_5_L_tendon,torso,Muscle_Torso.xml,L,name,,,rib7_L|rib8_L,ExtIC_IS7_5_L-P1|ExtIC_IS7_5_L-P2,True,未跨越可动关节（该体段在此模型中为刚性连接）,L/torso
650,ExtIC_IS7_7_L,ExtIC_IS7_7_L_tendon,torso,Muscle_Torso.xml,L,name,,,rib7_L|rib8_L,ExtIC_IS7_7_L-P1|ExtIC_IS7_7_L-P2,True,未跨越可动关节（该体段在此模型中为刚性连接）,L/torso
651,ExtIC_IS8_1_L,ExtIC_IS8_1_L_tendon,torso,Muscle_Torso.xml,L,name,,,rib8_L|rib9_L,ExtIC_IS8_1_L-P1|ExtIC_IS8_1_L-P2,True,未跨越可动关节（该体段在此模型中为刚性连接）,L/torso
652,ExtIC_IS8_3_L,ExtIC_IS8_3_L_tendon,torso,Muscle_Torso.xml,L,name,,,rib8_L|rib9_L,ExtIC_IS8_3_L-P1|ExtIC_IS8_3_L-P2,True,未跨越可动关节（该体段在此模型中为刚性连接）,L/torso
653,ExtIC_IS8_5_L,ExtIC_IS8_5_L_tendon,torso,Muscle_Torso.xml,L,name,,,rib8_L|rib9_L,ExtIC_IS8_5_L-P1|ExtIC_IS8_5_L-P2,True,未跨越可动关节（该体段在此模型中为刚性连接）,L/torso
654,ExtIC_IS8_7_L,ExtIC_IS8_7_L_tendon,torso,Muscle_Torso.xml,L,name,,,rib8_L|rib9_L,ExtIC_IS8_7_L-P1|ExtIC_IS8_7_L-P2,True,未跨越可动关节（该体段在此模型中为刚性连接）,L/torso
655,ExtIC_IS9_1_L,ExtIC_IS9_1_L_tendon,torso,Muscle_Torso.xml,L,name,,,rib9_L|rib10_L,ExtIC_IS9_1_L-P1|ExtIC_IS9_1_L-P2,True,未跨越可动关节（该体段在此模型中为刚性连接）,L/torso
656,ExtIC_IS9_3_L,ExtIC_IS9_3_L_tendon,torso,Muscle_Torso.xml,L,name,,,rib9_L|rib10_L,ExtIC_IS9_3_L-P1|ExtIC_IS9_3_L-P2,True,未跨越可动关节（该体段在此模型中为刚性连接）,L/torso
657,ExtIC_IS9_5_L,ExtIC_IS9_5_L_tendon,torso,Muscle_Torso.xml,L,name,,,rib9_L|rib10_L,ExtIC_IS9_5_L-P1|ExtIC_IS9_5_L-P2,True,未跨越可动关节（该体段在此模型中为刚性连接）,L/torso
658,ExtIC_IS10_1_L,ExtIC_IS10_1_L_tendon,torso,Muscle_Torso.xml,L,name,,,rib10_L|rib11_L,ExtIC_IS10_1_L-P1|ExtIC_IS10_1_L-P2,True,未跨越可动关节（该体段在此模型中为刚性连接）,L/torso
659,ExtIC_IS10_3_L,ExtIC_IS10_3_L_tendon,torso,Muscle_Torso.xml,L,name,,,rib10_L|rib11_L,ExtIC_IS10_3_L-P1|ExtIC_IS10_3_L-P2,True,未跨越可动关节（该体段在此模型中为刚性连接）,L/torso
660,ExtIC_IS11_1_L,ExtIC_IS11_1_L_tendon,torso,Muscle_Torso.xml,L,name,,,rib11_L|rib12_L,ExtIC_IS11_1_L-P1|ExtIC_IS11_1_L-P2,True,未跨越可动关节（该体段在此模型中为刚性连接）,L/torso
661,ExtIC_IS11_3_L,ExtIC_IS11_3_L_tendon,torso,Muscle_Torso.xml,L,name,,,rib11_L|rib12_L,ExtIC_IS11_3_L-P1|ExtIC_IS11_3_L-P2,True,未跨越可动关节（该体段在此模型中为刚性连接）,L/torso
662,IntIC_IS1_1_L,IntIC_IS1_1_L_tendon,torso,Muscle_Torso.xml,L,name,,,rib1_L|rib2_L,IntIC_IS1_1_L-P1|IntIC_IS1_1_L-P2,True,未跨越可动关节（该体段在此模型中为刚性连接）,L/torso
663,IntIC_IS1_3_L,IntIC_IS1_3_L_tendon,torso,Muscle_Torso.xml,L,name,,,rib1_L|rib2_L,IntIC_IS1_3_L-P1|IntIC_IS1_3_L-P2,True,未跨越可动关节（该体段在此模型中为刚性连接）,L/torso
664,IntIC_IS1_5_L,IntIC_IS1_5_L_tendon,torso,Muscle_Torso.xml,L,name,,,rib1_L|rib2_L,IntIC_IS1_5_L-P1|IntIC_IS1_5_L-P2,True,未跨越可动关节（该体段在此模型中为刚性连接）,L/torso
665,IntIC_IS2_1_L,IntIC_IS2_1_L_tendon,torso,Muscle_Torso.xml,L,name,,,rib2_L|rib3_L,IntIC_IS2_1_L-P1|IntIC_IS2_1_L-P2,True,未跨越可动关节（该体段在此模型中为刚性连接）,L/torso
666,IntIC_IS2_3_L,IntIC_IS2_3_L_tendon,torso,Muscle_Torso.xml,L,name,,,rib2_L|rib3_L,IntIC_IS2_3_L-P1|IntIC_IS2_3_L-P2,True,未跨越可动关节（该体段在此模型中为刚性连接）,L/torso
667,IntIC_IS2_5_L,IntIC_IS2_5_L_tendon,torso,Muscle_Torso.xml,L,name,,,rib2_L|rib3_L,IntIC_IS2_5_L-P1|IntIC_IS2_5_L-P2,True,未跨越可动关节（该体段在此模型中为刚性连接）,L/torso
668,IntIC_IS2_7_L,IntIC_IS2_7_L_tendon,torso,Muscle_Torso.xml,L,name,,,rib2_L|rib3_L,IntIC_IS2_7_L-P1|IntIC_IS2_7_L-P2,True,未跨越可动关节（该体段在此模型中为刚性连接）,L/torso
669,IntIC_IS3_1_L,IntIC_IS3_1_L_tendon,torso,Muscle_Torso.xml,L,name,,,rib3_L|rib4_L,IntIC_IS3_1_L-P1|IntIC_IS3_1_L-P2,True,未跨越可动关节（该体段在此模型中为刚性连接）,L/torso
670,IntIC_IS3_3_L,IntIC_IS3_3_L_tendon,torso,Muscle_Torso.xml,L,name,,,rib3_L|rib4_L,IntIC_IS3_3_L-P1|IntIC_IS3_3_L-P2,True,未跨越可动关节（该体段在此模型中为刚性连接）,L/torso
671,IntIC_IS3_5_L,IntIC_IS3_5_L_tendon,torso,Muscle_Torso.xml,L,name,,,rib3_L|rib4_L,IntIC_IS3_5_L-P1|IntIC_IS3_5_L-P2,True,未跨越可动关节（该体段在此模型中为刚性连接）,L/torso
672,IntIC_IS3_7_L,IntIC_IS3_7_L_tendon,torso,Muscle_Torso.xml,L,name,,,rib3_L|rib4_L,IntIC_IS3_7_L-P1|IntIC_IS3_7_L-P2,True,未跨越可动关节（该体段在此模型中为刚性连接）,L/torso
673,IntIC_IS4_1_L,IntIC_IS4_1_L_tendon,torso,Muscle_Torso.xml,L,name,,,rib4_L|rib5_L,IntIC_IS4_1_L-P1|IntIC_IS4_1_L-P2,True,未跨越可动关节（该体段在此模型中为刚性连接）,L/torso
674,IntIC_IS4_3_L,IntIC_IS4_3_L_tendon,torso,Muscle_Torso.xml,L,name,,,rib4_L|rib5_L,IntIC_IS4_3_L-P1|IntIC_IS4_3_L-P2,True,未跨越可动关节（该体段在此模型中为刚性连接）,L/torso
675,IntIC_IS4_5_L,IntIC_IS4_5_L_tendon,torso,Muscle_Torso.xml,L,name,,,rib4_L|rib5_L,IntIC_IS4_5_L-P1|IntIC_IS4_5_L-P2,True,未跨越可动关节（该体段在此模型中为刚性连接）,L/torso
676,IntIC_IS4_7_L,IntIC_IS4_7_L_tendon,torso,Muscle_Torso.xml,L,name,,,rib4_L|rib5_L,IntIC_IS4_7_L-P1|IntIC_IS4_7_L-P2,True,未跨越可动关节（该体段在此模型中为刚性连接）,L/torso
677,IntIC_IS5_1_L,IntIC_IS5_1_L_tendon,torso,Muscle_Torso.xml,L,name,,,rib5_L|rib6_L,IntIC_IS5_1_L-P1|IntIC_IS5_1_L-P2,True,未跨越可动关节（该体段在此模型中为刚性连接）,L/torso
678,IntIC_IS5_3_L,IntIC_IS5_3_L_tendon,torso,Muscle_Torso.xml,L,name,,,rib5_L|rib6_L,IntIC_IS5_3_L-P1|IntIC_IS5_3_L-P2,True,未跨越可动关节（该体段在此模型中为刚性连接）,L/torso
679,IntIC_IS5_5_L,IntIC_IS5_5_L_tendon,torso,Muscle_Torso.xml,L,name,,,rib5_L|rib6_L,IntIC_IS5_5_L-P1|IntIC_IS5_5_L-P2,True,未跨越可动关节（该体段在此模型中为刚性连接）,L/torso
680,IntIC_IS5_7_L,IntIC_IS5_7_L_tendon,torso,Muscle_Torso.xml,L,name,,,rib5_L|rib6_L,IntIC_IS5_7_L-P1|IntIC_IS5_7_L-P2,True,未跨越可动关节（该体段在此模型中为刚性连接）,L/torso
681,IntIC_IS6_1_L,IntIC_IS6_1_L_tendon,torso,Muscle_Torso.xml,L,name,,,rib6_L|rib7_L,IntIC_IS6_1_L-P1|IntIC_IS6_1_L-P2,True,未跨越可动关节（该体段在此模型中为刚性连接）,L/torso
682,IntIC_IS6_3_L,IntIC_IS6_3_L_tendon,torso,Muscle_Torso.xml,L,name,,,rib6_L|rib7_L,IntIC_IS6_3_L-P1|IntIC_IS6_3_L-P2,True,未跨越可动关节（该体段在此模型中为刚性连接）,L/torso
683,IntIC_IS6_5_L,IntIC_IS6_5_L_tendon,torso,Muscle_Torso.xml,L,name,,,rib6_L|rib7_L,IntIC_IS6_5_L-P1|IntIC_IS6_5_L-P2,True,未跨越可动关节（该体段在此模型中为刚性连接）,L/torso
684,IntIC_IS6_7_L,IntIC_IS6_7_L_tendon,torso,Muscle_Torso.xml,L,name,,,rib6_L|rib7_L,IntIC_IS6_7_L-P1|IntIC_IS6_7_L-P2,True,未跨越可动关节（该体段在此模型中为刚性连接）,L/torso
685,IntIC_IS7_1_L,IntIC_IS7_1_L_tendon,torso,Muscle_Torso.xml,L,name,,,rib7_L|rib8_L,IntIC_IS7_1_L-P1|IntIC_IS7_1_L-P2,True,未跨越可动关节（该体段在此模型中为刚性连接）,L/torso
686,IntIC_IS7_3_L,IntIC_IS7_3_L_tendon,torso,Muscle_Torso.xml,L,name,,,rib7_L|rib8_L,IntIC_IS7_3_L-P1|IntIC_IS7_3_L-P2,True,未跨越可动关节（该体段在此模型中为刚性连接）,L/torso
687,IntIC_IS7_5_L,IntIC_IS7_5_L_tendon,torso,Muscle_Torso.xml,L,name,,,rib7_L|rib8_L,IntIC_IS7_5_L-P1|IntIC_IS7_5_L-P2,True,未跨越可动关节（该体段在此模型中为刚性连接）,L/torso
688,IntIC_IS7_7_L,IntIC_IS7_7_L_tendon,torso,Muscle_Torso.xml,L,name,,,rib7_L|rib8_L,IntIC_IS7_7_L-P1|IntIC_IS7_7_L-P2,True,未跨越可动关节（该体段在此模型中为刚性连接）,L/torso
689,IntIC_IS8_1_L,IntIC_IS8_1_L_tendon,torso,Muscle_Torso.xml,L,name,,,rib8_L|rib9_L,IntIC_IS8_1_L-P1|IntIC_IS8_1_L-P2,True,未跨越可动关节（该体段在此模型中为刚性连接）,L/torso
690,IntIC_IS8_3_L,IntIC_IS8_3_L_tendon,torso,Muscle_Torso.xml,L,name,,,rib8_L|rib9_L,IntIC_IS8_3_L-P1|IntIC_IS8_3_L-P2,True,未跨越可动关节（该体段在此模型中为刚性连接）,L/torso
691,IntIC_IS8_5_L,IntIC_IS8_5_L_tendon,torso,Muscle_Torso.xml,L,name,,,rib8_L|rib9_L,IntIC_IS8_5_L-P1|IntIC_IS8_5_L-P2,True,未跨越可动关节（该体段在此模型中为刚性连接）,L/torso
692,IntIC_IS8_7_L,IntIC_IS8_7_L_tendon,torso,Muscle_Torso.xml,L,name,,,rib8_L|rib9_L,IntIC_IS8_7_L-P1|IntIC_IS8_7_L-P2,True,未跨越可动关节（该体段在此模型中为刚性连接）,L/torso
693,IntIC_IS9_1_L,IntIC_IS9_1_L_tendon,torso,Muscle_Torso.xml,L,name,,,rib9_L|rib10_L,IntIC_IS9_1_L-P1|IntIC_IS9_1_L-P2,True,未跨越可动关节（该体段在此模型中为刚性连接）,L/torso
694,IntIC_IS9_3_L,IntIC_IS9_3_L_tendon,torso,Muscle_Torso.xml,L,name,,,rib9_L|rib10_L,IntIC_IS9_3_L-P1|IntIC_IS9_3_L-P2,True,未跨越可动关节（该体段在此模型中为刚性连接）,L/torso
695,IntIC_IS9_5_L,IntIC_IS9_5_L_tendon,torso,Muscle_Torso.xml,L,name,,,rib9_L|rib10_L,IntIC_IS9_5_L-P1|IntIC_IS9_5_L-P2,True,未跨越可动关节（该体段在此模型中为刚性连接）,L/torso
696,IntIC_IS10_1_L,IntIC_IS10_1_L_tendon,torso,Muscle_Torso.xml,L,name,,,rib10_L|rib11_L,IntIC_IS10_1_L-P1|IntIC_IS10_1_L-P2,True,未跨越可动关节（该体段在此模型中为刚性连接）,L/torso
697,IntIC_IS10_3_L,IntIC_IS10_3_L_tendon,torso,Muscle_Torso.xml,L,name,,,rib10_L|rib11_L,IntIC_IS10_3_L-P1|IntIC_IS10_3_L-P2,True,未跨越可动关节（该体段在此模型中为刚性连接）,L/torso
698,IntIC_IS11_1_L,IntIC_IS11_1_L_tendon,torso,Muscle_Torso.xml,L,name,,,rib11_L|rib12_L,IntIC_IS11_1_L-P1|IntIC_IS11_1_L-P2,True,未跨越可动关节（该体段在此模型中为刚性连接）,L/torso
699,IntIC_IS11_3_L,IntIC_IS11_3_L_tendon,torso,Muscle_Torso.xml,L,name,,,rib11_L|rib12_L,IntIC_IS11_3_L-P1|IntIC_IS11_3_L-P2,True,未跨越可动关节（该体段在此模型中为刚性连接）,L/torso
